"id","shortcode","type","is_video","video_url","dimension.height","dimension.width","display_url","thumbnail_src","owner.id","owner.username","description","comments","likes","views","comments_disabled","taken_at_timestamp","location","hashtags","mentions","tagged_users","location.id","location.has_public_page","location.name","location.slug"
"2625467401825981233","CRviLEPNJMx","GraphVideo",true,"https://instagram.fpac1-1.fna.fbcdn.net/v/t50.2886-16/222550766_254676392825201_8883965632595840953_n.mp4?_nc_ht=instagram.fpac1-1.fna.fbcdn.net&_nc_cat=105&_nc_ohc=5Gx6eIPBKmwAX9A78bN&edm=APU89FABAAAA&ccb=7-4&oe=6100395A&oh=d72bd0065c19fad930cff29b76c432ae&_nc_sid=86f79a",1350,1080,"https://instagram.fpac1-2.fna.fbcdn.net/v/t51.2885-15/fr/e15/p1080x1080/223174400_974711420031786_7787234948034089672_n.jpg?_nc_ht=instagram.fpac1-2.fna.fbcdn.net&_nc_cat=1&_nc_ohc=TN5Z843TXMwAX88w3Wm&edm=APU89FABAAAA&ccb=7-4&oh=5124c141803600da99a4317240defab0&oe=610051B8&_nc_sid=86f79a","https://instagram.fpac1-2.fna.fbcdn.net/v/t51.2885-15/sh0.08/e35/c0.135.1080.1080a/s640x640/223174400_974711420031786_7787234948034089672_n.jpg?_nc_ht=instagram.fpac1-2.fna.fbcdn.net&_nc_cat=1&_nc_ohc=TN5Z843TXMwAX88w3Wm&edm=APU89FABAAAA&ccb=7-4&oh=c21b2f27bd58b1dda0b44553f85577f1&oe=60FFD6C3&_nc_sid=86f79a","476322","redbull","how to own that finishing grind.
#redbull #givesyouwiiings",126,23508,196000,false,1627200136,,"[""#redbull"",""#givesyouwiiings""]","[]","[]",,,,
"2624772917366013711","CRtEQ_Lqr8P","GraphVideo",true,"https://instagram.fpac1-1.fna.fbcdn.net/v/t50.2886-16/224091449_2790498791247182_2070641767920712226_n.mp4?_nc_ht=instagram.fpac1-1.fna.fbcdn.net&_nc_cat=102&_nc_ohc=GdAmrHC0CoAAX8V7HmP&edm=APU89FABAAAA&ccb=7-4&oe=610000AD&oh=b958128976a7f7cba4fab3a6e0433a58&_nc_sid=86f79a",1350,1080,"https://instagram.fpac1-2.fna.fbcdn.net/v/t51.2885-15/fr/e15/p1080x1080/223962007_626603314985881_1423873588500458178_n.jpg?_nc_ht=instagram.fpac1-2.fna.fbcdn.net&_nc_cat=1&_nc_ohc=HBFevoKSPvkAX8oIWHW&edm=APU89FABAAAA&ccb=7-4&oh=3683d866116a29ba9bdd64828ef76378&oe=61001C2B&_nc_sid=86f79a","https://instagram.fpac1-2.fna.fbcdn.net/v/t51.2885-15/sh0.08/e35/c0.135.1080.1080a/s640x640/223962007_626603314985881_1423873588500458178_n.jpg?_nc_ht=instagram.fpac1-2.fna.fbcdn.net&_nc_cat=1&_nc_ohc=HBFevoKSPvkAX8oIWHW&edm=APU89FABAAAA&ccb=7-4&oh=a04ca045da1bd43aa4ed49a75b11bc9b&oe=61005E60&_nc_sid=86f79a","476322","redbull","If you love intensity as much as we do, buckle up because rallycross is BACK, and it *always* delivers üî•

head over to ~link in bio~ to catch all of the action live as we take on Barcelona üá™üá∏üì∫

#redbull #givesyouwiiings #motorsports #racing #rallycross",781,121546,1366797,false,1627117353,,"[""#redbull"",""#givesyouwiiings"",""#motorsports"",""#racing"",""#rallycross""]","[]","[]",,,,
"2624017550897542704","CRqYg9Vo3Yw","GraphImage",false,,1350,1080,"https://instagram.fpac1-1.fna.fbcdn.net/v/t51.2885-15/fr/e15/p1080x1080/222146551_1022053338331520_1480790686462984596_n.jpg?_nc_ht=instagram.fpac1-1.fna.fbcdn.net&_nc_cat=108&_nc_ohc=ZrpEVUYxyqAAX8zTPTC&edm=APU89FABAAAA&ccb=7-4&oh=1ae136b460186f60b0d49bff9b3e42dd&oe=6103F4B8&_nc_sid=86f79a","https://instagram.fpac1-1.fna.fbcdn.net/v/t51.2885-15/sh0.08/e35/c0.135.1080.1080a/s640x640/222146551_1022053338331520_1480790686462984596_n.jpg?_nc_ht=instagram.fpac1-1.fna.fbcdn.net&_nc_cat=108&_nc_ohc=ZrpEVUYxyqAAX8zTPTC&edm=APU89FABAAAA&ccb=7-4&oh=991b98ddc2a7edd957f36c358b215916&oe=61044425&_nc_sid=86f79a","476322","redbull","pssssst, Red Bull Hardline is back this weekend and this is *exactly* what your search history should look like üî•

one thing we know *for sure* this weekend's competition in Wales will be very worth the watch so make sure you catch all of the downhill action live on Red Bull TV this weekend ~link in bio~ üì∫

@redbullbike #redbull #givesyouwiiings #redbullhardline #bike #downhill #MTB",134,26657,,false,1627027289,,"[""#redbull"",""#givesyouwiiings"",""#redbullhardline"",""#bike"",""#downhill"",""#MTB""]","[""@redbullbike""]","[{""user"":{""full_name"":""Red Bull Bike"",""id"":""3999827868"",""is_verified"":true,""profile_pic_url"":""https://instagram.fpac1-2.fna.fbcdn.net/v/t51.2885-19/s150x150/140276871_1094410241026886_128556714474498319_n.jpg?_nc_ht=instagram.fpac1-2.fna.fbcdn.net&_nc_ohc=-5-0kyhH8yIAX-nqoia&edm=APU89FABAAAA&ccb=7-4&oh=dc9b69a7f5f32e157c1778d1ed805475&oe=61059CA6&_nc_sid=86f79a"",""username"":""redbullbike""},""x"":0.7981481552,""y"":0.9222221971000001}]",,,,
"2623405856521274190","CRoNbojoUNO","GraphSidecar",false,,1350,1080,"https://instagram.fpac1-2.fna.fbcdn.net/v/t51.2885-15/fr/e15/p1080x1080/221666097_3336701246556408_2410249592965324852_n.jpg?_nc_ht=instagram.fpac1-2.fna.fbcdn.net&_nc_cat=100&_nc_ohc=zFjWc4jFtMAAX_pV5VZ&edm=APU89FABAAAA&ccb=7-4&oh=81c53ab5626879447729e402e2fad6ec&oe=610466FF&_nc_sid=86f79a","https://instagram.fpac1-2.fna.fbcdn.net/v/t51.2885-15/sh0.08/e35/c0.135.1080.1080a/s640x640/221666097_3336701246556408_2410249592965324852_n.jpg?_nc_ht=instagram.fpac1-2.fna.fbcdn.net&_nc_cat=100&_nc_ohc=zFjWc4jFtMAAX_pV5VZ&edm=APU89FABAAAA&ccb=7-4&oh=f0d6e902538cf4f2c5f261d98f8df211&oe=6105BC2E&_nc_sid=86f79a","476322","redbull","üóÇ 10 photography categories to choose from
üë• 50 industry expert judges
üåé 1 worldwide experience

this is Red Bull Illume üì∏

if this kind of photography sounds like your thing, entries for this year‚Äôs contest are open till 31st July soüëèdon‚Äôtüëèmissüëèitüëè and follow ~link in bio~ for more üëã

#redbull #givesyouwiiings #photography #skate #surf #climbing #mtb",654,133738,,false,1626954370,,"[""#redbull"",""#givesyouwiiings"",""#photography"",""#skate"",""#surf"",""#climbing"",""#mtb""]","[]","[{""user"":{""full_name"":""Ben Thouard"",""id"":""435804968"",""is_verified"":true,""profile_pic_url"":""https://instagram.fpac1-2.fna.fbcdn.net/v/t51.2885-19/s150x150/50693386_1203536293144932_7101780908436357120_n.jpg?_nc_ht=instagram.fpac1-2.fna.fbcdn.net&_nc_ohc=KTAa9KE7ca0AX83eIeh&edm=APU89FABAAAA&ccb=7-4&oh=3279447fc64db390fef025f2441f6e5e&oe=61040C2C&_nc_sid=86f79a"",""username"":""benthouard""},""x"":0.4814814925,""y"":0.8407407403},{""user"":{""full_name"":""Tom Parsons"",""id"":""31939896"",""is_verified"":false,""profile_pic_url"":""https://instagram.fpac1-2.fna.fbcdn.net/v/t51.2885-19/s150x150/209328056_347040127124886_7886343207500563655_n.jpg?_nc_ht=instagram.fpac1-2.fna.fbcdn.net&_nc_ohc=o1XeVbyObgMAX9bJFq7&edm=APU89FABAAAA&ccb=7-4&oh=2fb9962a0901cb689b65e02a4fe99090&oe=610541F3&_nc_sid=86f79a"",""username"":""tomparsons930""},""x"":0.753894081,""y"":0.016339870200000002},{""user"":{""full_name"":""Chris Tedesco"",""id"":""12565607"",""is_verified"":false,""profile_pic_url"":""https://instagram.fpac1-2.fna.fbcdn.net/v/t51.2885-19/s150x150/126306390_373798330355717_451421468199163069_n.jpg?_nc_ht=instagram.fpac1-2.fna.fbcdn.net&_nc_ohc=J0PmFAd9dJ4AX8PxVOC&edm=APU89FABAAAA&ccb=7-4&oh=6c329a7baff4cadeba56a27508f96b28&oe=6104F884&_nc_sid=86f79a"",""username"":""tedescophoto""},""x"":0.5018518567,""y"":0.8259259462},{""user"":{""full_name"":""Lorenz Holder"",""id"":""143822457"",""is_verified"":false,""profile_pic_url"":""https://instagram.fpac1-2.fna.fbcdn.net/v/t51.2885-19/s150x150/12301415_467016640173421_572951213_a.jpg?_nc_ht=instagram.fpac1-2.fna.fbcdn.net&_nc_ohc=aEL47bEvWucAX9yWDRX&edm=APU89FABAAAA&ccb=7-4&oh=989004fa6929889fd8f539aff653a29c&oe=61042EB9&_nc_sid=86f79a"",""username"":""lorenzholder""},""x"":0.49444442990000004,""y"":0.8574073911000001},{""user"":{""full_name"":""Vlad"",""id"":""3555136"",""is_verified"":false,""profile_pic_url"":""https://instagram.fpac1-2.fna.fbcdn.net/v/t51.2885-19/s150x150/185286628_217651789833443_5203849204378070043_n.jpg?_nc_ht=instagram.fpac1-2.fna.fbcdn.net&_nc_ohc=Pitkyf2kfG4AX_iFj0g&edm=APU89FABAAAA&ccb=7-4&oh=eab0db1cfcb8b686beaaaa407c993817&oe=6103DF38&_nc_sid=86f79a"",""username"":""vladikscholz""},""x"":0.7827102804,""y"":0.016339870200000002},{""user"":{""full_name"":""Micky Wiswedel | Photography"",""id"":""321154055"",""is_verified"":false,""profile_pic_url"":""https://instagram.fpac1-2.fna.fbcdn.net/v/t51.2885-19/s150x150/14533772_1740325872851567_3825465175125786624_a.jpg?_nc_ht=instagram.fpac1-2.fna.fbcdn.net&_nc_ohc=f-lfEhNudS4AX_YwOgj&edm=APU89FABAAAA&ccb=7-4&oh=1c0f51f26126aa3f2fc1bdc259f64594&oe=61058ECA&_nc_sid=86f79a"",""username"":""shootmickshoot""},""x"":0.4981481433,""y"":0.8611111045000001}]",,,,
"2622896048088856072","CRmZg8dHLYI","GraphVideo",true,"https://instagram.fpac1-2.fna.fbcdn.net/v/t50.2886-16/222091159_781691352516031_7961589176012124891_n.mp4?_nc_ht=instagram.fpac1-2.fna.fbcdn.net&_nc_cat=107&_nc_ohc=Bj-X8-H-3ekAX8YjhqY&edm=APU89FABAAAA&ccb=7-4&oe=610028A2&oh=0d8c9139ebb3804e37e08b8b122dac5e&_nc_sid=86f79a",1333,750,"https://instagram.fpac1-2.fna.fbcdn.net/v/t51.2885-15/e35/220541154_1271882359938388_4331071993442837945_n.jpg?_nc_ht=instagram.fpac1-2.fna.fbcdn.net&_nc_cat=104&_nc_ohc=xpSypIzRunUAX8kgAPy&edm=APU89FABAAAA&ccb=7-4&oh=6838127960b29c42d7740096156fb910&oe=61005CD3&_nc_sid=86f79a","https://instagram.fpac1-2.fna.fbcdn.net/v/t51.2885-15/sh0.08/e35/c0.280.720.720a/s640x640/220541154_1271882359938388_4331071993442837945_n.jpg?_nc_ht=instagram.fpac1-2.fna.fbcdn.net&_nc_cat=104&_nc_ohc=xpSypIzRunUAX8kgAPy&edm=APU89FABAAAA&ccb=7-4&oh=f04a7e36560b51e626d2854e6074140a&oe=6100439A&_nc_sid=86f79a","476322","redbull","dream it to achieve it ü™Ç

#redbull #givesyouwiiings #parachute #adventure",132,30385,246686,false,1626893615,,"[""#redbull"",""#givesyouwiiings"",""#parachute"",""#adventure""]","[]","[]",,,,
"2622581627508922341","CRlSBheIpfl","GraphVideo",true,"https://instagram.fpac1-2.fna.fbcdn.net/v/t50.2886-16/221164011_4267454486703856_2570480340537069145_n.mp4?_nc_ht=instagram.fpac1-2.fna.fbcdn.net&_nc_cat=104&_nc_ohc=8nsJntpEnGIAX_q3q7T&edm=APU89FABAAAA&ccb=7-4&oe=6100445D&oh=1023afb6c3cd180f81ccd80aeb8769dc&_nc_sid=86f79a",1350,1080,"https://instagram.fpac1-2.fna.fbcdn.net/v/t51.2885-15/fr/e15/p1080x1080/221366338_904918063394487_8944136567114539193_n.jpg?_nc_ht=instagram.fpac1-2.fna.fbcdn.net&_nc_cat=103&_nc_ohc=WklxT3gUTiIAX9TIKFL&edm=APU89FABAAAA&ccb=7-4&oh=8850934156842286b3c81002d51e14d0&oe=61002585&_nc_sid=86f79a","https://instagram.fpac1-2.fna.fbcdn.net/v/t51.2885-15/sh0.08/e35/c0.135.1080.1080a/s640x640/221366338_904918063394487_8944136567114539193_n.jpg?_nc_ht=instagram.fpac1-2.fna.fbcdn.net&_nc_cat=103&_nc_ohc=WklxT3gUTiIAX9TIKFL&edm=APU89FABAAAA&ccb=7-4&oh=8006ec5ef6cbf1edbb98f18fc5202be6&oe=61002D72&_nc_sid=86f79a","476322","redbull","flips are just *so* much better when you do them in the air ü§©

ü§∏‚Äç‚ôÄÔ∏è: @kyrapoh
 üé• :@ewan_cowie_photography

#redbull #givesyouwiiings #flying #skydiving #flips",926,64363,559378,false,1626856128,,"[""#redbull"",""#givesyouwiiings"",""#flying"",""#skydiving"",""#flips""]","[""@kyrapoh"",""@ewan_cowie_photography""]","[]",,,,
"2622213939972184260","CRj-a9xHpjE","GraphVideo",true,"https://instagram.fpac1-2.fna.fbcdn.net/v/t50.2886-16/219328323_809633273062108_2964156132553714646_n.mp4?_nc_ht=instagram.fpac1-2.fna.fbcdn.net&_nc_cat=104&_nc_ohc=VIdii7t6LPEAX-vNpxK&edm=APU89FABAAAA&ccb=7-4&oe=61000D8A&oh=3ee80479bd7cb26b83ecd8a06013eac9&_nc_sid=86f79a",1333,750,"https://instagram.fpac1-1.fna.fbcdn.net/v/t51.2885-15/e35/220351356_5738544226220150_825977697176472170_n.jpg?_nc_ht=instagram.fpac1-1.fna.fbcdn.net&_nc_cat=102&_nc_ohc=6NfCEwMXus4AX_DCAiu&edm=APU89FABAAAA&ccb=7-4&oh=d5abbf321d5554ff5661ce706676a72f&oe=60FFF13E&_nc_sid=86f79a","https://instagram.fpac1-1.fna.fbcdn.net/v/t51.2885-15/sh0.08/e35/c0.280.720.720a/s640x640/220351356_5738544226220150_825977697176472170_n.jpg?_nc_ht=instagram.fpac1-1.fna.fbcdn.net&_nc_cat=102&_nc_ohc=6NfCEwMXus4AX_DCAiu&edm=APU89FABAAAA&ccb=7-4&oh=29d451726dbebc528576b04ab26b91c8&oe=610057B3&_nc_sid=86f79a","476322","redbull","from a childhood game to an actual training technique: this is how @kris_bryant17 tests his ability ‚öæÔ∏è 

#redbull #givesyouwiiings #baseball #challenge",51,27000,344946,false,1626812430,,"[""#redbull"",""#givesyouwiiings"",""#baseball"",""#challenge""]","[""@kris_bryant17""]","[]",,,,
"2622065683389342370","CRjctjEKeKi","GraphVideo",true,"https://instagram.fpac1-1.fna.fbcdn.net/v/t50.2886-16/222495096_175924394598161_667118485926575483_n.mp4?_nc_ht=instagram.fpac1-1.fna.fbcdn.net&_nc_cat=105&_nc_ohc=RynzRr0PW68AX8cEY0E&edm=APU89FABAAAA&ccb=7-4&oe=610029AE&oh=a448395af17b307a04e80491f5a06203&_nc_sid=86f79a",750,750,"https://instagram.fpac1-1.fna.fbcdn.net/v/t51.2885-15/e35/220041663_565856987905484_3413096353068095255_n.jpg?_nc_ht=instagram.fpac1-1.fna.fbcdn.net&_nc_cat=108&_nc_ohc=cUSKCHj5xkgAX_tq5rH&edm=APU89FABAAAA&ccb=7-4&oh=94e171d64e5cb8eedf81fafa95bbd41c&oe=610037F2&_nc_sid=86f79a","https://instagram.fpac1-1.fna.fbcdn.net/v/t51.2885-15/sh0.08/e35/s640x640/220041663_565856987905484_3413096353068095255_n.jpg?_nc_ht=instagram.fpac1-1.fna.fbcdn.net&_nc_cat=108&_nc_ohc=cUSKCHj5xkgAX_tq5rH&edm=APU89FABAAAA&ccb=7-4&oh=498ec51606ca6f7d804ff894bd3c9f79&oe=60FFEA8C&_nc_sid=86f79a","476322","redbull","this is what a day away from competitions looks like for Red Bull cliff divers üî•

watch the full clip where some of Red Bull Cliff Diving‚Äôs finest take on this *ridiculous* jump in Ibiza via ~link in bio~ üì∫

@redbullcliffdiving #redbull #givesyouwiiings #cliffdiving #ibiza #jump",615,60371,547254,false,1626794635,,"[""#redbull"",""#givesyouwiiings"",""#cliffdiving"",""#ibiza"",""#jump""]","[""@redbullcliffdiving""]","[]",,,,
"2621360804110361676","CRg8cNFIWRM","GraphSidecar",false,,1350,1080,"https://instagram.fpac1-1.fna.fbcdn.net/v/t51.2885-15/fr/e15/p1080x1080/221088675_524491525546377_4395576065983106340_n.jpg?_nc_ht=instagram.fpac1-1.fna.fbcdn.net&_nc_cat=109&_nc_ohc=7GABqlFj9xEAX8_qZFn&edm=APU89FABAAAA&ccb=7-4&oh=7fca6bd97ef58e023e4efa86a008dc91&oe=60FFE312&_nc_sid=86f79a","https://instagram.fpac1-1.fna.fbcdn.net/v/t51.2885-15/sh0.08/e35/c0.135.1080.1080a/s640x640/221088675_524491525546377_4395576065983106340_n.jpg?_nc_ht=instagram.fpac1-1.fna.fbcdn.net&_nc_cat=109&_nc_ohc=7GABqlFj9xEAX8_qZFn&edm=APU89FABAAAA&ccb=7-4&oh=a6563d77a194f9bb6eb4eda754fc84b3&oe=61003065&_nc_sid=86f79a","476322","redbull","what does one do when they have an entire motorsport park in their backyard? swipe and see üòåüëâ

the latest episode in the Backyards series is with none other than @madmike.123 and it's *a lot* of fun ü§© watch the full clip via ~link in bio~ üì∫

#redbull #givesyouwiiings #motorsports #drifting #backyards",432,71078,,false,1626710580,,"[""#redbull"",""#givesyouwiiings"",""#motorsports"",""#drifting"",""#backyards""]","[""@madmike""]","[{""user"":{""full_name"":""Mad Mike Whiddett"",""id"":""55481502"",""is_verified"":true,""profile_pic_url"":""https://instagram.fpac1-2.fna.fbcdn.net/v/t51.2885-19/11195846_827283754028125_704925506_a.jpg?_nc_ht=instagram.fpac1-2.fna.fbcdn.net&_nc_ohc=2t64Q1IF6zsAX_dxtyb&edm=APU89FABAAAA&ccb=7-4&oh=c95ce731b2ac6c6637ed9e894d2d2258&oe=6104D276&_nc_sid=86f79a"",""username"":""madmike.123""},""x"":0.001,""y"":0.001}]",,,,
"2620654667924592751","CReb4kgnVhv","GraphVideo",true,"https://instagram.fpac1-1.fna.fbcdn.net/v/t50.2886-16/218640124_947061935856310_4468185017322185499_n.mp4?_nc_ht=instagram.fpac1-1.fna.fbcdn.net&_nc_cat=110&_nc_ohc=7Yv1L0CZ4uYAX8tDw-y&edm=APU89FABAAAA&ccb=7-4&oe=60FFD27E&oh=89afc94c04a0057f213224b636b9ca6a&_nc_sid=86f79a",1333,750,"https://instagram.fpac1-2.fna.fbcdn.net/v/t51.2885-15/e35/218464030_1002439577159691_4497144771379537298_n.jpg?_nc_ht=instagram.fpac1-2.fna.fbcdn.net&_nc_cat=103&_nc_ohc=RmA5y91it_8AX-WJnpU&edm=APU89FABAAAA&ccb=7-4&oh=c1fa4ae69d20b7bee6f37aeb5d2a61fb&oe=610058A2&_nc_sid=86f79a","https://instagram.fpac1-2.fna.fbcdn.net/v/t51.2885-15/sh0.08/e35/c0.280.720.720a/s640x640/218464030_1002439577159691_4497144771379537298_n.jpg?_nc_ht=instagram.fpac1-2.fna.fbcdn.net&_nc_cat=103&_nc_ohc=RmA5y91it_8AX-WJnpU&edm=APU89FABAAAA&ccb=7-4&oh=e9660682a02af043f2679761801272c5&oe=6100026B&_nc_sid=86f79a","476322","redbull","choose oneüëáüîÅ
1. @3runcoval as a gamer
2. @c9keeoh as a freerunner

Red Bull Campus Clutch World Final is now live on Twitch -link in bio-üëæ

#redbull #givesyouwiiings #redbullcampusclutch @playvalorantofficial",431,50640,505536,false,1626626512,,"[""#redbull"",""#givesyouwiiings"",""#redbullcampusclutch""]","[""@3runcoval"",""@c9keeoh"",""@playvalorantofficial""]","[]",,,,
"2619669699720784314","CRa77ZYtim6","GraphVideo",true,"https://instagram.fpac1-2.fna.fbcdn.net/v/t50.2886-16/219417254_4231378270284051_5812774834920811684_n.mp4?_nc_ht=instagram.fpac1-2.fna.fbcdn.net&_nc_cat=103&_nc_ohc=M2Q3xyJhcTEAX_prly5&edm=APU89FABAAAA&ccb=7-4&oe=610019A3&oh=bcf05c6c2386dd7470f10030d8d52ccb&_nc_sid=86f79a",1350,1080,"https://instagram.fpac1-1.fna.fbcdn.net/v/t51.2885-15/fr/e15/p1080x1080/218384119_4363872297007390_6672305487610115708_n.jpg?_nc_ht=instagram.fpac1-1.fna.fbcdn.net&_nc_cat=110&_nc_ohc=tzdlfh67HPcAX9mujLq&edm=APU89FABAAAA&ccb=7-4&oh=e099c3a350e1dbeef246f0fdb2df858f&oe=610074D9&_nc_sid=86f79a","https://instagram.fpac1-1.fna.fbcdn.net/v/t51.2885-15/sh0.08/e35/c0.135.1080.1080a/s640x640/218384119_4363872297007390_6672305487610115708_n.jpg?_nc_ht=instagram.fpac1-1.fna.fbcdn.net&_nc_cat=110&_nc_ohc=tzdlfh67HPcAX9mujLq&edm=APU89FABAAAA&ccb=7-4&oh=24376c502ff3a5d15ec158e27cc3a60b&oe=610043CC&_nc_sid=86f79a","476322","redbull","we call this one the @nikguehrs special and it comes with a side of ü§Ø

#redbull #givesyouwiiings #wakeboarding #watersports #trick",733,73514,770372,false,1626508996,,"[""#redbull"",""#givesyouwiiings"",""#wakeboarding"",""#watersports"",""#trick""]","[""@nikguehrs""]","[]",,,,
"2619279974034554695","CRZjUJDn79H","GraphVideo",true,"https://instagram.fpac1-2.fna.fbcdn.net/v/t50.2886-16/217909941_1149434995539955_1724857958398184983_n.mp4?_nc_ht=instagram.fpac1-2.fna.fbcdn.net&_nc_cat=107&_nc_ohc=4u6roRJacWUAX9UN1V4&edm=APU89FABAAAA&ccb=7-4&oe=60FFF736&oh=b9fb8da238ef226d4fba1b29f11bbd06&_nc_sid=86f79a",1333,750,"https://instagram.fpac1-1.fna.fbcdn.net/v/t51.2885-15/e35/218497615_962829697886579_6394291126182405934_n.jpg?_nc_ht=instagram.fpac1-1.fna.fbcdn.net&_nc_cat=111&_nc_ohc=tUvwUjf5DZIAX9Qnll0&edm=APU89FABAAAA&ccb=7-4&oh=acf94722edce7447d7e8d44e543c5699&oe=61006071&_nc_sid=86f79a","https://instagram.fpac1-1.fna.fbcdn.net/v/t51.2885-15/sh0.08/e35/c0.280.720.720a/s640x640/218497615_962829697886579_6394291126182405934_n.jpg?_nc_ht=instagram.fpac1-1.fna.fbcdn.net&_nc_cat=111&_nc_ohc=tUvwUjf5DZIAX9Qnll0&edm=APU89FABAAAA&ccb=7-4&oh=2b0fb34e5be8d31360dd235c83eace5b&oe=61001600&_nc_sid=86f79a","476322","redbull","@redbullracing vs a Ford is the race you never asked for but always secretly wanted ü§´

#redbull #givesyouwiiings #f1 #traffic #RBRvsBritish #motorsports",662,111279,821010,false,1626462590,,"[""#redbull"",""#givesyouwiiings"",""#f1"",""#traffic"",""#RBRvsBritish"",""#motorsports""]","[""@redbullracing""]","[]",,,,
"2618961937704285865","CRYbAGpIfap","GraphImage",false,,1080,1080,"https://instagram.fpac1-2.fna.fbcdn.net/v/t51.2885-15/fr/e15/s1080x1080/218277868_167735858752914_5961786955824436997_n.jpg?_nc_ht=instagram.fpac1-2.fna.fbcdn.net&_nc_cat=106&_nc_ohc=hjuwJ7Pmd5IAX_4IzX7&edm=APU89FABAAAA&ccb=7-4&oh=1f8c89f18a2a4a6a63d09c6775755844&oe=61047316&_nc_sid=86f79a","https://instagram.fpac1-2.fna.fbcdn.net/v/t51.2885-15/sh0.08/e35/s640x640/218277868_167735858752914_5961786955824436997_n.jpg?_nc_ht=instagram.fpac1-2.fna.fbcdn.net&_nc_cat=106&_nc_ohc=hjuwJ7Pmd5IAX_4IzX7&edm=APU89FABAAAA&ccb=7-4&oh=eef92a1294d3d0e08886743498f82fa6&oe=6104981D&_nc_sid=86f79a","476322","redbull","go on, fill the question mark ü§© what do these 3 sports have in common? üëá

#redbull #givesyouwiiings #surfing #cliffdiving #skysurfing #meme",3039,60590,,false,1626424613,,"[""#redbull"",""#givesyouwiiings"",""#surfing"",""#cliffdiving"",""#skysurfing"",""#meme""]","[]","[]",,,,
"2618384792558165160","CRWXxiVttyo","GraphVideo",true,"https://instagram.fpac1-2.fna.fbcdn.net/v/t50.2886-16/10000000_251976359712613_2794935276377891308_n.mp4?_nc_ht=instagram.fpac1-2.fna.fbcdn.net&_nc_cat=101&_nc_ohc=D9l8WL6qd54AX9cF2bd&edm=APU89FABAAAA&ccb=7-4&oe=61000E71&oh=6e54658253e954d7c705121facf6102b&_nc_sid=86f79a",1350,1080,"https://instagram.fpac1-2.fna.fbcdn.net/v/t51.2885-15/fr/e15/p1080x1080/217672268_367744391416360_3354813137411520435_n.jpg?_nc_ht=instagram.fpac1-2.fna.fbcdn.net&_nc_cat=104&_nc_ohc=6r5QUIkRAxIAX-ANWcs&edm=APU89FABAAAA&ccb=7-4&oh=18ad7dd0cf7344a105809d0829ce1b27&oe=60FFE7A0&_nc_sid=86f79a","https://instagram.fpac1-2.fna.fbcdn.net/v/t51.2885-15/sh0.08/e35/c0.135.1080.1080a/s640x640/217672268_367744391416360_3354813137411520435_n.jpg?_nc_ht=instagram.fpac1-2.fna.fbcdn.net&_nc_cat=104&_nc_ohc=6r5QUIkRAxIAX-ANWcs&edm=APU89FABAAAA&ccb=7-4&oh=a573bca9af75925d5176098724d696a0&oe=61006B2B&_nc_sid=86f79a","476322","redbull","missing football already? fear not, the @redbullneymarjrsfive World Final is coming to Qatar and üëèvibesüëèareüëèguaranteedüëè

get involved and find out how you can #outplaythemall via ~link in bio~ ‚öΩÔ∏è

 @neymarjr #redbull #givesyouwiiings #football #neymar #fiveaside",115,20279,153167,false,1626355844,,"[""#outplaythemall"",""#redbull"",""#givesyouwiiings"",""#football"",""#neymar"",""#fiveaside""]","[""@redbullneymarjrsfive"",""@neymarjr""]","[{""user"":{""full_name"":""NJ 10 üáßüá∑"",""id"":""26669533"",""is_verified"":true,""profile_pic_url"":""https://instagram.fpac1-2.fna.fbcdn.net/v/t51.2885-19/s150x150/192546183_489615882369378_5538018133588699575_n.jpg?_nc_ht=instagram.fpac1-2.fna.fbcdn.net&_nc_ohc=yZlKaU4smjAAX8XNI6g&edm=APU89FABAAAA&ccb=7-4&oh=c3f2d8e7043950ca78f249165aaad481&oe=610529C3&_nc_sid=86f79a"",""username"":""neymarjr""},""x"":0,""y"":0},{""user"":{""full_name"":""Red Bull Neymar Jr's Five"",""id"":""3930294406"",""is_verified"":true,""profile_pic_url"":""https://instagram.fpac1-2.fna.fbcdn.net/v/t51.2885-19/s150x150/204822363_4043571889030968_1859028860494460711_n.jpg?_nc_ht=instagram.fpac1-2.fna.fbcdn.net&_nc_ohc=7IULlPJJc78AX-jG6-K&edm=APU89FABAAAA&ccb=7-4&oh=ef102531793783e3a639dc8bc7b10b7a&oe=61056BB9&_nc_sid=86f79a"",""username"":""redbullneymarjrsfive""},""x"":0,""y"":0}]",,,,
"2618219173937080866","CRVyHd-ouoi","GraphVideo",true,"https://instagram.fpac1-2.fna.fbcdn.net/v/t50.2886-16/217765117_1734896526716676_5163183162356020035_n.mp4?_nc_ht=instagram.fpac1-2.fna.fbcdn.net&_nc_cat=100&_nc_ohc=0AozKpdIi3IAX9xbewj&edm=APU89FABAAAA&ccb=7-4&oe=6100284F&oh=ce11555a98c5fedb141b059fed1e63d2&_nc_sid=86f79a",1350,1080,"https://instagram.fpac1-1.fna.fbcdn.net/v/t51.2885-15/fr/e15/p1080x1080/217779116_1000290090760534_2756004015168171964_n.jpg?_nc_ht=instagram.fpac1-1.fna.fbcdn.net&_nc_cat=110&_nc_ohc=XZUWBQBxjyEAX9gEgJc&edm=APU89FABAAAA&ccb=7-4&oh=a145187524a8b5c7ee1bb20d657934c4&oe=60FFE953&_nc_sid=86f79a","https://instagram.fpac1-1.fna.fbcdn.net/v/t51.2885-15/sh0.08/e35/c0.135.1080.1080a/s640x640/217779116_1000290090760534_2756004015168171964_n.jpg?_nc_ht=instagram.fpac1-1.fna.fbcdn.net&_nc_cat=110&_nc_ohc=XZUWBQBxjyEAX9gEgJc&edm=APU89FABAAAA&ccb=7-4&oh=b948c7339ff28ab8c10cb902eb8b5a15&oe=61007402&_nc_sid=86f79a","476322","redbull","we *really* donut know who to choose üëÄüç© 

#redbull #givesyouwiiings #f1 #blackcab #donuts #racing",997,55975,733029,false,1626336083,,"[""#redbull"",""#givesyouwiiings"",""#f1"",""#blackcab"",""#donuts"",""#racing""]","[]","[]",,,,
"2617751500484615847","CRUHx7IoZ6n","GraphVideo",true,"https://instagram.fpac1-1.fna.fbcdn.net/v/t50.2886-16/10000000_333465924914504_779909641479028343_n.mp4?_nc_ht=instagram.fpac1-1.fna.fbcdn.net&_nc_cat=108&_nc_ohc=rZl4vMi9ZdYAX8e07kO&edm=APU89FABAAAA&ccb=7-4&oe=610072FF&oh=a4dd5beb1e6316fed30ccda3005e8ad0&_nc_sid=86f79a",1350,1080,"https://instagram.fpac1-1.fna.fbcdn.net/v/t51.2885-15/fr/e15/p1080x1080/217734171_142349124645309_1900453982983538749_n.jpg?_nc_ht=instagram.fpac1-1.fna.fbcdn.net&_nc_cat=109&_nc_ohc=An6hvLcuh6wAX9Q62by&edm=APU89FABAAAA&ccb=7-4&oh=cce5d3f35b3091ea7ff70f23c63f810c&oe=61003672&_nc_sid=86f79a","https://instagram.fpac1-1.fna.fbcdn.net/v/t51.2885-15/sh0.08/e35/c0.135.1080.1080a/s640x640/217734171_142349124645309_1900453982983538749_n.jpg?_nc_ht=instagram.fpac1-1.fna.fbcdn.net&_nc_cat=109&_nc_ohc=An6hvLcuh6wAX9Q62by&edm=APU89FABAAAA&ccb=7-4&oh=073c3515cf64485ad65455ea90b485dd&oe=60FFEC05&_nc_sid=86f79a","476322","redbull","üåû scorching @redbullgre temperatures
üõ• a playground made up of boats
ü§∏‚Äç‚ôÇÔ∏è some of the best freerunners in the world

this is Red Bull Art Of Motion 2021 üëá

#redbull #givesyouwiiings #freerunning #artofmotion #greece",318,36551,552822,false,1626280343,,"[""#redbull"",""#givesyouwiiings"",""#freerunning"",""#artofmotion"",""#greece""]","[""@redbullgre""]","[]","214302512",true,"Piraeus, Greece","piraeus-greece"
"2616769669778057851","CRQoiaCIyp7","GraphVideo",true,"https://instagram.fpac1-1.fna.fbcdn.net/v/t50.2886-16/217559699_328005392378312_4257053332274629371_n.mp4?_nc_ht=instagram.fpac1-1.fna.fbcdn.net&_nc_cat=108&_nc_ohc=MvBCJiKldJsAX-7TkVo&edm=APU89FABAAAA&ccb=7-4&oe=61005D45&oh=556866ab9172645c1c5a15fdc84352fb&_nc_sid=86f79a",1350,1080,"https://instagram.fpac1-2.fna.fbcdn.net/v/t51.2885-15/fr/e15/p1080x1080/217413881_2959441810985176_6483708928951926825_n.jpg?_nc_ht=instagram.fpac1-2.fna.fbcdn.net&_nc_cat=104&_nc_ohc=QfziUZPM10AAX9OB2lE&edm=APU89FABAAAA&ccb=7-4&oh=c66601a13bbee02efefd30eaeefa6acc&oe=6100479D&_nc_sid=86f79a","https://instagram.fpac1-2.fna.fbcdn.net/v/t51.2885-15/sh0.08/e35/c0.135.1080.1080a/s640x640/217413881_2959441810985176_6483708928951926825_n.jpg?_nc_ht=instagram.fpac1-2.fna.fbcdn.net&_nc_cat=104&_nc_ohc=QfziUZPM10AAX9OB2lE&edm=APU89FABAAAA&ccb=7-4&oh=e2619b1492f6b625d6ee0fe5d674e62c&oe=61000CD0&_nc_sid=86f79a","476322","redbull","job requirements: can do backflips *and* DIY üìù
@tomomi_nishikubo: üëÄ

 #redbull #givesyouwiiings #trails #bikelife #diy",689,76369,918527,false,1626163289,,"[""#redbull"",""#givesyouwiiings"",""#trails"",""#bikelife"",""#diy""]","[""@tomomi_nishikubo""]","[{""user"":{""full_name"":""Tomomi Nishikubo"",""id"":""1268660517"",""is_verified"":false,""profile_pic_url"":""https://instagram.fpac1-2.fna.fbcdn.net/v/t51.2885-19/s150x150/162387356_1406099836404016_765029060953579231_n.jpg?_nc_ht=instagram.fpac1-2.fna.fbcdn.net&_nc_ohc=m3PatLPnVnoAX8dZuf5&edm=APU89FABAAAA&ccb=7-4&oh=e2f9837eee8a1bf6817f92dc5063fcb5&oe=61044E87&_nc_sid=86f79a"",""username"":""tomomi_nishikubo""},""x"":0.001,""y"":0.001}]",,,,
"2616223706798300316","CROsZmYqxyc","GraphVideo",true,"https://instagram.fpac1-1.fna.fbcdn.net/v/t50.2886-16/216980019_131381715791684_7529565501693570042_n.mp4?_nc_ht=instagram.fpac1-1.fna.fbcdn.net&_nc_cat=108&_nc_ohc=G8CkCEiRI9UAX8etbPY&edm=APU89FABAAAA&ccb=7-4&oe=61003A3C&oh=47d895c334df53bc72e40288398fe8f2&_nc_sid=86f79a",1333,750,"https://instagram.fpac1-1.fna.fbcdn.net/v/t51.2885-15/e35/217163474_227894682383189_8828621415520460430_n.jpg?_nc_ht=instagram.fpac1-1.fna.fbcdn.net&_nc_cat=105&_nc_ohc=Ag2VjsmM8-kAX_qObDc&edm=APU89FABAAAA&ccb=7-4&oh=51ee1ea8dc823ed67c24ad08dd145086&oe=60FFD95C&_nc_sid=86f79a","https://instagram.fpac1-1.fna.fbcdn.net/v/t51.2885-15/sh0.08/e35/c0.280.720.720a/s640x640/217163474_227894682383189_8828621415520460430_n.jpg?_nc_ht=instagram.fpac1-1.fna.fbcdn.net&_nc_cat=105&_nc_ohc=Ag2VjsmM8-kAX_qObDc&edm=APU89FABAAAA&ccb=7-4&oh=ca397c347343ff29edd587b745db14b5&oe=61003E15&_nc_sid=86f79a","476322","redbull","@3runcoval is out here channeling his inner Jett with freerunning and we‚Äôre *so* here for it üî•

watch the full clip that sees Krystian take to the streets of Berlin and emulate a level from our Red Bull Campus Clutch favorite game  Valorant via ~link in bio~ üì∫

#redbull #givesyouwiiings #redbullcampusclutch #gaming @riotgames",225,24224,191477,false,1626098243,,"[""#redbull"",""#givesyouwiiings"",""#redbullcampusclutch"",""#gaming""]","[""@3runcoval"",""@riotgames""]","[]",,,,
"2616048096431191626","CROEeIfHjZK","GraphImage",false,,1153,1080,"https://instagram.fpac1-2.fna.fbcdn.net/v/t51.2885-15/e35/p1080x1080/213266038_139422671632441_7081343939120151865_n.jpg?_nc_ht=instagram.fpac1-2.fna.fbcdn.net&_nc_cat=101&_nc_ohc=ak0sjAuI8qMAX99lb4f&edm=APU89FABAAAA&ccb=7-4&oh=360786c567cd934e8f1ecfc93a314db3&oe=61042ECD&_nc_sid=86f79a","https://instagram.fpac1-2.fna.fbcdn.net/v/t51.2885-15/sh0.08/e35/c0.49.1440.1440a/s640x640/213266038_139422671632441_7081343939120151865_n.jpg?_nc_ht=instagram.fpac1-2.fna.fbcdn.net&_nc_cat=101&_nc_ohc=ak0sjAuI8qMAX99lb4f&edm=APU89FABAAAA&ccb=7-4&oh=81e6427e8269b4991fe9680ed4262dcf&oe=61058EC1&_nc_sid=86f79a","476322","redbull","the smile you have when you make the 2 biggest saves of the decade üáÆüáπüòç

üëê: @gigiodonna99

#redbull #givesyouwiiings #footbal #italy #win",207,51342,,false,1626077256,,"[""#redbull"",""#givesyouwiiings"",""#footbal"",""#italy"",""#win""]","[""@gigiodonna99""]","[{""user"":{""full_name"":""Gianluigi Donnarumma"",""id"":""513046992"",""is_verified"":true,""profile_pic_url"":""https://instagram.fpac1-2.fna.fbcdn.net/v/t51.2885-19/s150x150/217449777_542819423747806_4790327826191649950_n.jpg?_nc_ht=instagram.fpac1-2.fna.fbcdn.net&_nc_ohc=0x5RH3LO5hoAX_SDrMN&edm=APU89FABAAAA&ccb=7-4&oh=0c684c517863b914ff7de52816015772&oe=61055638&_nc_sid=86f79a"",""username"":""gigiodonna99""},""x"":0.6533816425,""y"":0.5144927536}]","402972929742158",true,"Wembley Stadium","wembley-stadium"
"2615320030612755840","CRLe7YWoxWA","GraphVideo",true,"https://instagram.fpac1-1.fna.fbcdn.net/v/t50.2886-16/217210178_552441615758564_7632637585961355480_n.mp4?_nc_ht=instagram.fpac1-1.fna.fbcdn.net&_nc_cat=108&_nc_ohc=wZzR7Tk1FdoAX9eo3FT&edm=APU89FABAAAA&ccb=7-4&oe=60FFD49A&oh=a3a277d31d15c9f05149eedd4d4817d2&_nc_sid=86f79a",1350,1080,"https://instagram.fpac1-1.fna.fbcdn.net/v/t51.2885-15/fr/e15/p1080x1080/212681424_2992790974296683_6662819924457925837_n.jpg?_nc_ht=instagram.fpac1-1.fna.fbcdn.net&_nc_cat=111&_nc_ohc=6Bcp7JxL8hYAX8ZVZob&edm=APU89FABAAAA&ccb=7-4&oh=9d5aba6f8c0635275fb1e788db88dcc1&oe=60FFDB5C&_nc_sid=86f79a","https://instagram.fpac1-1.fna.fbcdn.net/v/t51.2885-15/sh0.08/e35/c0.135.1080.1080a/s640x640/212681424_2992790974296683_6662819924457925837_n.jpg?_nc_ht=instagram.fpac1-1.fna.fbcdn.net&_nc_cat=111&_nc_ohc=6Bcp7JxL8hYAX8ZVZob&edm=APU89FABAAAA&ccb=7-4&oh=7f6431243c39a15e18a80f95e133f24c&oe=61003C09&_nc_sid=86f79a","476322","redbull","there‚Äôs some airspace in the box #redbull #givesyouwiiings",264,30179,345343,false,1625990473,,"[""#redbull"",""#givesyouwiiings""]","[]","[]",,,,
"2614933202176616070","CRKG-STHKaG","GraphSidecar",false,,937,750,"https://instagram.fpac1-2.fna.fbcdn.net/v/t51.2885-15/e35/213120334_967999767374899_5177106173978305278_n.jpg?_nc_ht=instagram.fpac1-2.fna.fbcdn.net&_nc_cat=107&_nc_ohc=bngOhkZK4i0AX9WEq-m&edm=APU89FABAAAA&ccb=7-4&oh=e1bcc5bfb79dbf7c6382ed3e1f1aa96a&oe=61001039&_nc_sid=86f79a","https://instagram.fpac1-2.fna.fbcdn.net/v/t51.2885-15/sh0.08/e35/c0.90.720.720a/s640x640/213120334_967999767374899_5177106173978305278_n.jpg?_nc_ht=instagram.fpac1-2.fna.fbcdn.net&_nc_cat=107&_nc_ohc=bngOhkZK4i0AX9WEq-m&edm=APU89FABAAAA&ccb=7-4&oh=068d0bb2c8c163be71ea5b505ddd257c&oe=60FFF556&_nc_sid=86f79a","476322","redbull","what we have witnessed today is true freerunning *GOLD* üò±üèÜ 

@3runcoval and @noa_diorgina just absolutely changed the game at Red Bull Art Of Motion and we‚Äôre gonna be thinking about it for aüëègoodüëèwhileüëè 

watch the *incredible* replay over on Red Bull TV via ~link in bio~ üì∫ 

#redbull #givesyouwiiings #redbullartofmotion #freerunning #greece",1919,76409,,false,1625944350,,"[""#redbull"",""#givesyouwiiings"",""#redbullartofmotion"",""#freerunning"",""#greece""]","[""@3runcoval"",""@noa_diorgina""]","[{""user"":{""full_name"":""Krystian Kowalewski üáµüá±"",""id"":""1629173894"",""is_verified"":false,""profile_pic_url"":""https://instagram.fpac1-2.fna.fbcdn.net/v/t51.2885-19/s150x150/117092380_2750297225293855_1788753144026422129_n.jpg?_nc_ht=instagram.fpac1-2.fna.fbcdn.net&_nc_ohc=4VtgdWl_inoAX8ZZ70C&edm=APU89FABAAAA&ccb=7-4&oh=f3c9fbf7115d85934abff52c1c7e65fa&oe=6103CBEF&_nc_sid=86f79a"",""username"":""3runcoval""},""x"":0,""y"":0},{""user"":{""full_name"":""Noa Diorgina Man"",""id"":""2151346404"",""is_verified"":false,""profile_pic_url"":""https://instagram.fpac1-2.fna.fbcdn.net/v/t51.2885-19/s150x150/117395032_330839347952399_1492174510098738855_n.jpg?_nc_ht=instagram.fpac1-2.fna.fbcdn.net&_nc_ohc=NKJ5ClfWqSIAX9kuRS7&edm=APU89FABAAAA&ccb=7-4&oh=38629518a74169b359aa5368c15f7216&oe=610535D1&_nc_sid=86f79a"",""username"":""noa_diorgina""},""x"":0,""y"":0}]","1009380340",true,"Mikrolimano","mikrolimano"
"2614626020805588325","CRJBINWnDVl","GraphVideo",true,"https://instagram.fpac1-1.fna.fbcdn.net/v/t50.2886-16/10000000_297717878707691_7116088648290499294_n.mp4?_nc_ht=instagram.fpac1-1.fna.fbcdn.net&_nc_cat=111&_nc_ohc=peh0if529NAAX86B-EN&edm=APU89FABAAAA&ccb=7-4&oe=60FFEC27&oh=71a81c428b8ba6b46498a26fa4db5a12&_nc_sid=86f79a",1333,750,"https://instagram.fpac1-1.fna.fbcdn.net/v/t51.2885-15/e35/213260465_325903839193532_2826169881199965731_n.jpg?_nc_ht=instagram.fpac1-1.fna.fbcdn.net&_nc_cat=108&_nc_ohc=tJa-79LXJR8AX9jiuBn&edm=APU89FABAAAA&ccb=7-4&oh=e4529fec75c928f19f6843b57e128894&oe=60FFFC85&_nc_sid=86f79a","https://instagram.fpac1-1.fna.fbcdn.net/v/t51.2885-15/sh0.08/e35/c0.280.720.720a/s640x640/213260465_325903839193532_2826169881199965731_n.jpg?_nc_ht=instagram.fpac1-1.fna.fbcdn.net&_nc_cat=108&_nc_ohc=tJa-79LXJR8AX9jiuBn&edm=APU89FABAAAA&ccb=7-4&oh=d6051ca767d185135e3a8815e78ae4ac&oe=6100604C&_nc_sid=86f79a","476322","redbull","us on a morning run: ü•µ 
@stefan_x_dollinger on his morning run: ü§∏‚Äç‚ôÇÔ∏è‚õµÔ∏è

don't miss a minute of Red Bull Art of Motion action as it goes down LIVE at 4:30PM CET üî•~link in bio~ for the multi-cam stream üì∫

üé•: @houseofdrones.ch 
#redbull #givesyouwiiings #redbullartofmotion #freerunning #greece",273,40280,250147,false,1625907776,,"[""#redbull"",""#givesyouwiiings"",""#redbullartofmotion"",""#freerunning"",""#greece""]","[""@stefan_x_dollinger"",""@houseofdrones""]","[]",,,,
"2613928513478319014","CRGiiJCI9um","GraphImage",false,,1080,1080,"https://instagram.fpac1-2.fna.fbcdn.net/v/t51.2885-15/fr/e15/s1080x1080/212972206_311807677306263_56982609626348949_n.jpg?_nc_ht=instagram.fpac1-2.fna.fbcdn.net&_nc_cat=103&_nc_ohc=OdkAHuFALNQAX98kW7-&edm=APU89FABAAAA&ccb=7-4&oh=ca723ba36b1671e3c62223f95ce208db&oe=6104961F&_nc_sid=86f79a","https://instagram.fpac1-2.fna.fbcdn.net/v/t51.2885-15/sh0.08/e35/s640x640/212972206_311807677306263_56982609626348949_n.jpg?_nc_ht=instagram.fpac1-2.fna.fbcdn.net&_nc_cat=103&_nc_ohc=OdkAHuFALNQAX98kW7-&edm=APU89FABAAAA&ccb=7-4&oh=2652551cb35cf9223ff4950467d3ffac&oe=61059D03&_nc_sid=86f79a","476322","redbull","go on, tell us üëáüí¨

catch the absolute scenes that will unfold at Red Bull Art of Motion this weekend in Greece via ~link in bio~ üî• üì∫

#redbull #givesyouwiiings #redbullartofmotion #freerunning #greece",443,18955,,false,1625824582,,"[""#redbull"",""#givesyouwiiings"",""#redbullartofmotion"",""#freerunning"",""#greece""]","[]","[]",,,,
"2613145532418627205","CRDwgRGNhaF","GraphVideo",true,"https://instagram.fpac1-1.fna.fbcdn.net/v/t50.2886-16/216132982_370789754440570_3391742601711932350_n.mp4?_nc_ht=instagram.fpac1-1.fna.fbcdn.net&_nc_cat=110&_nc_ohc=Ky3RUAH_vZ4AX8XJGcZ&edm=APU89FABAAAA&ccb=7-4&oe=61007446&oh=894135480dd9d9bb2f1eeda54effa222&_nc_sid=86f79a",1350,1080,"https://instagram.fpac1-2.fna.fbcdn.net/v/t51.2885-15/fr/e15/p1080x1080/209578795_523748765708967_62122684011719037_n.jpg?_nc_ht=instagram.fpac1-2.fna.fbcdn.net&_nc_cat=103&_nc_ohc=lMjjMsw5sgEAX-7f0Rr&edm=APU89FABAAAA&ccb=7-4&oh=9ef7f44bea13870bf82574b44af572d7&oe=60FFF352&_nc_sid=86f79a","https://instagram.fpac1-2.fna.fbcdn.net/v/t51.2885-15/sh0.08/e35/c0.135.1080.1080a/s640x640/209578795_523748765708967_62122684011719037_n.jpg?_nc_ht=instagram.fpac1-2.fna.fbcdn.net&_nc_cat=103&_nc_ohc=lMjjMsw5sgEAX-7f0Rr&edm=APU89FABAAAA&ccb=7-4&oh=e7576f8760173e51fc422f5d35e50e82&oe=6100458D&_nc_sid=86f79a","476322","redbull","no one:
absolutely no one:
Kamaz: üí¶

#redbull #givesyouwiiings #kamaz #silkwayrally #offroad",2758,216407,2038333,false,1625731258,,"[""#redbull"",""#givesyouwiiings"",""#kamaz"",""#silkwayrally"",""#offroad""]","[]","[{""user"":{""full_name"":""Karginov Andrey / Official"",""id"":""25610737318"",""is_verified"":false,""profile_pic_url"":""https://instagram.fpac1-2.fna.fbcdn.net/v/t51.2885-19/s150x150/136424921_1778293012334862_8530137303087877934_n.jpg?_nc_ht=instagram.fpac1-2.fna.fbcdn.net&_nc_ohc=DBVGuSFlwXQAX-vWLPx&edm=APU89FABAAAA&ccb=7-4&oh=4815de8f80e71184d6fecffc0beb448e&oe=610580DD&_nc_sid=86f79a"",""username"":""andreykarginov""},""x"":0,""y"":0}]","413780647",true,"Russia","russia"
"2612542368718560210","CRBnXFIIJvS","GraphSidecar",false,,1080,1080,"https://instagram.fpac1-2.fna.fbcdn.net/v/t51.2885-15/fr/e15/s1080x1080/210857951_363727488519724_3312039869128118874_n.jpg?_nc_ht=instagram.fpac1-2.fna.fbcdn.net&_nc_cat=104&_nc_ohc=SKQHFUQ36WEAX-CKy64&edm=APU89FABAAAA&ccb=7-4&oh=e803b2c2abc4df8778cab553399179e2&oe=6105620D&_nc_sid=86f79a","https://instagram.fpac1-2.fna.fbcdn.net/v/t51.2885-15/sh0.08/e35/s640x640/210857951_363727488519724_3312039869128118874_n.jpg?_nc_ht=instagram.fpac1-2.fna.fbcdn.net&_nc_cat=104&_nc_ohc=SKQHFUQ36WEAX-CKy64&edm=APU89FABAAAA&ccb=7-4&oh=afd5b0057f8272c0550d9d7ecf1e27ee&oe=61052606&_nc_sid=86f79a","476322","redbull","if One Extraordinary Year was an album üî•

head over to ~link in bio~ as we follow six world-class athletes trying to navigate their careers in the midst of a pandemic, exclusively on Red Bull TV on your Amazon Fire TV and Echo Devices üëè

üì∫: @niamhemerson / @beachvolleyvikings / @fencer / @santilange / @cecicarranzasaroli / @carlinisles 

#redbull #givesyouwiiings #sports #athletes #extraordinary #amazonfiretv",86,17878,,false,1625659341,,"[""#redbull"",""#givesyouwiiings"",""#sports"",""#athletes"",""#extraordinary"",""#amazonfiretv""]","[""@niamhemerson"",""@beachvolleyvikings"",""@fencer"",""@santilange"",""@cecicarranzasaroli"",""@carlinisles""]","[{""user"":{""full_name"":""Miles Chamley-Watson"",""id"":""185771970"",""is_verified"":true,""profile_pic_url"":""https://instagram.fpac1-2.fna.fbcdn.net/v/t51.2885-19/s150x150/204908332_349918486518125_3995298044644055414_n.jpg?_nc_ht=instagram.fpac1-2.fna.fbcdn.net&_nc_ohc=1EbiiRfVQeoAX_Su09-&edm=APU89FABAAAA&ccb=7-4&oh=68f00fdb0caafa81b612191a8e6c2cd1&oe=610423FA&_nc_sid=86f79a"",""username"":""fencer""},""x"":0.2888889015,""y"":0.944444418},{""user"":{""full_name"":""Carlin Isles OLY"",""id"":""30518463"",""is_verified"":true,""profile_pic_url"":""https://instagram.fpac1-2.fna.fbcdn.net/v/t51.2885-19/s150x150/29404345_292533287948504_7848829485334921216_n.jpg?_nc_ht=instagram.fpac1-2.fna.fbcdn.net&_nc_ohc=TgHgidDpg-QAX9zryav&edm=APU89FABAAAA&ccb=7-4&oh=d80e027affb81922d777c5ed34c4fe19&oe=61049E27&_nc_sid=86f79a"",""username"":""carlinisles""},""x"":0.1981481463,""y"":0.9296296239},{""user"":{""full_name"":""Beachvolley Vikings"",""id"":""2460906335"",""is_verified"":false,""profile_pic_url"":""https://instagram.fpac1-2.fna.fbcdn.net/v/t51.2885-19/s150x150/207025766_493548551721937_5993042599098613294_n.jpg?_nc_ht=instagram.fpac1-2.fna.fbcdn.net&_nc_ohc=jJysCOe8X2EAX8Fmnf5&edm=APU89FABAAAA&ccb=7-4&oh=9083ae2c014ea5122884cb1369a9c677&oe=61056BD8&_nc_sid=86f79a"",""username"":""beachvolleyvikings""},""x"":0.44259259100000004,""y"":0.9370370507},{""user"":{""full_name"":""Santiago Lange"",""id"":""2226476313"",""is_verified"":true,""profile_pic_url"":""https://instagram.fpac1-2.fna.fbcdn.net/v/t51.2885-19/s150x150/70501553_770267696760825_7107164095891111936_n.jpg?_nc_ht=instagram.fpac1-2.fna.fbcdn.net&_nc_ohc=St9RUZ8bpdAAX9ArBli&edm=APU89FABAAAA&ccb=7-4&oh=1ce032defa9c1ae1551facc65ada9661&oe=6105BCE7&_nc_sid=86f79a"",""username"":""santilange""},""x"":0.3666666746,""y"":0.9314814806},{""user"":{""full_name"":""ùïπ"",""id"":""218369715"",""is_verified"":true,""profile_pic_url"":""https://instagram.fpac1-2.fna.fbcdn.net/v/t51.2885-19/s150x150/102875332_261180025190842_851338121457796082_n.jpg?_nc_ht=instagram.fpac1-2.fna.fbcdn.net&_nc_ohc=4XHfdo1fEWkAX8wkh2A&edm=APU89FABAAAA&ccb=7-4&oh=02865eca250434f6e3154027b929578e&oe=610472B7&_nc_sid=86f79a"",""username"":""niamhemerson""},""x"":0.059259258200000005,""y"":0.9462962747},{""user"":{""full_name"":""Ceci Carranza Saroli"",""id"":""1194525666"",""is_verified"":true,""profile_pic_url"":""https://instagram.fpac1-2.fna.fbcdn.net/v/t51.2885-19/s150x150/198261206_4079637672089373_604036964984487853_n.jpg?_nc_ht=instagram.fpac1-2.fna.fbcdn.net&_nc_ohc=S6qdHIPNFawAX9DC8pa&edm=APU89FABAAAA&ccb=7-4&oh=0745e983a7746945d1f739c7cf7930a3&oe=61059DE2&_nc_sid=86f79a"",""username"":""cecicarranzasaroli""},""x"":0.5722222328000001,""y"":0.9481481314}]",,,,
"2611696317825072534","CQ-m_a1KL2W","GraphVideo",true,"https://instagram.fpac1-2.fna.fbcdn.net/v/t50.2886-16/213446653_285320249945592_4877294025146684205_n.mp4?_nc_ht=instagram.fpac1-2.fna.fbcdn.net&_nc_cat=100&_nc_ohc=3EM_GhMp6akAX8Vdl5t&edm=APU89FABAAAA&ccb=7-4&oe=61000E5D&oh=6eef0434871bc2eab82606000cd6380c&_nc_sid=86f79a",1920,1080,"https://instagram.fpac1-1.fna.fbcdn.net/v/t51.2885-15/e35/211472822_849946355942873_1121687018818973295_n.jpg?_nc_ht=instagram.fpac1-1.fna.fbcdn.net&_nc_cat=105&_nc_ohc=eJgBD7NcCrUAX_0QWfM&edm=APU89FABAAAA&ccb=7-4&oh=48a053c02ca5df3b13cf11ca9bf5af28&oe=61003585&_nc_sid=86f79a","https://instagram.fpac1-1.fna.fbcdn.net/v/t51.2885-15/sh0.08/e35/c0.322.828.828a/s640x640/211472822_849946355942873_1121687018818973295_n.jpg?_nc_ht=instagram.fpac1-1.fna.fbcdn.net&_nc_cat=105&_nc_ohc=eJgBD7NcCrUAX_0QWfM&edm=APU89FABAAAA&ccb=7-4&oh=759e351f9a56102e061c21319b12ecbc&oe=61003A6C&_nc_sid=86f79a","476322","redbull","getting those angles üòç‚úîÔ∏è

#redbull #givesyouwiiings #cliffdiving #filming @redbullcliffdiving",762,85684,682061,false,1625558495,,"[""#redbull"",""#givesyouwiiings"",""#cliffdiving"",""#filming""]","[""@redbullcliffdiving""]","[{""user"":{""full_name"":""Red Bull Cliff Diving"",""id"":""370413864"",""is_verified"":true,""profile_pic_url"":""https://instagram.fpac1-2.fna.fbcdn.net/v/t51.2885-19/s150x150/13414376_1759403914272630_273959589_a.jpg?_nc_ht=instagram.fpac1-2.fna.fbcdn.net&_nc_ohc=vitqU5Vla_IAX_dxNL9&edm=APU89FABAAAA&ccb=7-4&oh=73dee12d585a577057af6d67804e2a98&oe=610525D4&_nc_sid=86f79a"",""username"":""redbullcliffdiving""},""x"":0,""y"":0},{""user"":{""full_name"":""Molly Carlson"",""id"":""226490700"",""is_verified"":true,""profile_pic_url"":""https://instagram.fpac1-2.fna.fbcdn.net/v/t51.2885-19/s150x150/140195197_157055305984811_5467635280543390970_n.jpg?_nc_ht=instagram.fpac1-2.fna.fbcdn.net&_nc_ohc=dwpBXqWBKBkAX9ru5L0&edm=APU89FABAAAA&ccb=7-4&oh=20ca94dbb6bca5ccd9a7b8e091580af2&oe=6103F702&_nc_sid=86f79a"",""username"":""mollycarlson1""},""x"":0,""y"":0}]",,,,
"2611165740297982065","CQ8uWgAIZBx","GraphVideo",true,"https://instagram.fpac1-2.fna.fbcdn.net/v/t50.2886-16/10000000_288422263017918_5749917270747418918_n.mp4?_nc_ht=instagram.fpac1-2.fna.fbcdn.net&_nc_cat=106&_nc_ohc=dz0cbGQSFNMAX9ra8ij&edm=APU89FABAAAA&ccb=7-4&oe=6100521E&oh=60cb6f55778a8a14776fa91de17e736b&_nc_sid=86f79a",1920,1080,"https://instagram.fpac1-2.fna.fbcdn.net/v/t51.2885-15/fr/e15/p1080x1080/210492390_2709712539328134_7891789065646452004_n.jpg?_nc_ht=instagram.fpac1-2.fna.fbcdn.net&_nc_cat=106&_nc_ohc=JeAA1QXIQa0AX9hxAdv&edm=APU89FABAAAA&ccb=7-4&oh=2595aadd01fe91acd1b71b01b97e19ac&oe=61005AA7&_nc_sid=86f79a","https://instagram.fpac1-2.fna.fbcdn.net/v/t51.2885-15/sh0.08/e35/c0.420.1080.1080a/s640x640/210492390_2709712539328134_7891789065646452004_n.jpg?_nc_ht=instagram.fpac1-2.fna.fbcdn.net&_nc_cat=106&_nc_ohc=JeAA1QXIQa0AX9hxAdv&edm=APU89FABAAAA&ccb=7-4&oh=cb09905075535b0c4f2b17e5f782bbcc&oe=61005B59&_nc_sid=86f79a","476322","redbull","in this house, we love and appreciate @thejasonpaul üëã

Red Bull Art Of Motion returns *this* weekend and Jason will be there judging the freerunning tekkers on show so head over to ~link in bio~ to see what goes down in Greece üì∫

#redbull #givesyouwiiings #freerunning #parkour #redbullartofmotion",1400,112405,1490691,false,1625495271,,"[""#redbull"",""#givesyouwiiings"",""#freerunning"",""#parkour"",""#redbullartofmotion""]","[""@thejasonpaul""]","[]",,,,
"2610445386588018558","CQ6Kj-VItd-","GraphSidecar",false,,1350,1080,"https://instagram.fpac1-2.fna.fbcdn.net/v/t51.2885-15/fr/e15/p1080x1080/210242428_621653825904642_7669745202260478193_n.jpg?_nc_ht=instagram.fpac1-2.fna.fbcdn.net&_nc_cat=106&_nc_ohc=jtLLYZR0QzMAX-PJDgz&edm=APU89FABAAAA&ccb=7-4&oh=a63bd367a3bd94053ba984a3bb369d63&oe=6105945F&_nc_sid=86f79a","https://instagram.fpac1-2.fna.fbcdn.net/v/t51.2885-15/sh0.08/e35/c0.135.1080.1080a/s640x640/210242428_621653825904642_7669745202260478193_n.jpg?_nc_ht=instagram.fpac1-2.fna.fbcdn.net&_nc_cat=106&_nc_ohc=jtLLYZR0QzMAX-PJDgz&edm=APU89FABAAAA&ccb=7-4&oh=f8272162a44d127dffaaf6f82976043a&oe=6103D2EC&_nc_sid=86f79a","476322","redbull","BOOOM! üèÜ from this day on we'll be calling it AUS3A üî•

‚úÖüá¶üáπ Austria GP 2018
‚úÖüá¶üáπ Austria GP 2019
‚úÖüá¶üáπ Austria GP 2021

@maxverstappen1 @redbullracing

#redbull #givesyouwiiings #f1 #win #redbullring #austriangp",462,49738,,false,1625409361,,"[""#redbull"",""#givesyouwiiings"",""#f1"",""#win"",""#redbullring"",""#austriangp""]","[""@maxverstappen1"",""@redbullracing""]","[{""user"":{""full_name"":""Red Bull Racing Honda"",""id"":""145569141"",""is_verified"":true,""profile_pic_url"":""https://instagram.fpac1-2.fna.fbcdn.net/v/t51.2885-19/s150x150/134764620_3721742334584986_1831991955395748038_n.jpg?_nc_ht=instagram.fpac1-2.fna.fbcdn.net&_nc_ohc=ZzPu48NJDcAAX9fstX_&edm=APU89FABAAAA&ccb=7-4&oh=1488bdb3780823111eaf7090e2cc5b2e&oe=6104E478&_nc_sid=86f79a"",""username"":""redbullracing""},""x"":0.6722221971,""y"":0.7481481433},{""user"":{""full_name"":""Max Verstappen"",""id"":""43904777"",""is_verified"":true,""profile_pic_url"":""https://instagram.fpac1-2.fna.fbcdn.net/v/t51.2885-19/s150x150/164462322_3758406717576013_4205702374351045558_n.jpg?_nc_ht=instagram.fpac1-2.fna.fbcdn.net&_nc_ohc=pSLuH9VzoPoAX9przhJ&edm=APU89FABAAAA&ccb=7-4&oh=1fa12d9358691a2a9dfbd2838ba2224f&oe=6104D024&_nc_sid=86f79a"",""username"":""maxverstappen1""},""x"":0.3740740716,""y"":0.4037036896}]","3040359",true,"Red Bull Ring","red-bull-ring"
"2610390759880328567","CQ5-JDPoQV3","GraphSidecar",false,,1350,1080,"https://instagram.fpac1-1.fna.fbcdn.net/v/t51.2885-15/fr/e15/p1080x1080/211280223_345759200297890_5697009619854369046_n.jpg?_nc_ht=instagram.fpac1-1.fna.fbcdn.net&_nc_cat=110&_nc_ohc=31HIVqtpwbcAX_lZqnj&edm=APU89FABAAAA&ccb=7-4&oh=418a277c14b2bddd0da451fb884d17d0&oe=6100331D&_nc_sid=86f79a","https://instagram.fpac1-1.fna.fbcdn.net/v/t51.2885-15/sh0.08/e35/c0.135.1080.1080a/s640x640/211280223_345759200297890_5697009619854369046_n.jpg?_nc_ht=instagram.fpac1-1.fna.fbcdn.net&_nc_cat=110&_nc_ohc=31HIVqtpwbcAX_lZqnj&edm=APU89FABAAAA&ccb=7-4&oh=bd89da3f4ce7833aef3ff112043a76f7&oe=61004B6A&_nc_sid=86f79a","476322","redbull","who's ready to get an exclusive peek into the lives of some of our world-class athletes then? üî•

watch as we follow 6 athletes as their careers and lives are turned upside down by the pandemic in One Extraordinary Year, exclusively on Red Bull TV on your @amazonfiretv and Echo devices üëè ~link in bio ~

#redbull #givesyouwiiings #sports #athletes #extraordinary #amazonfiretv",53,17938,,false,1625402849,,"[""#redbull"",""#givesyouwiiings"",""#sports"",""#athletes"",""#extraordinary"",""#amazonfiretv""]","[""@amazonfiretv""]","[{""user"":{""full_name"":""Miles Chamley-Watson"",""id"":""185771970"",""is_verified"":true,""profile_pic_url"":""https://instagram.fpac1-2.fna.fbcdn.net/v/t51.2885-19/s150x150/204908332_349918486518125_3995298044644055414_n.jpg?_nc_ht=instagram.fpac1-2.fna.fbcdn.net&_nc_ohc=1EbiiRfVQeoAX_Su09-&edm=APU89FABAAAA&ccb=7-4&oh=68f00fdb0caafa81b612191a8e6c2cd1&oe=610423FA&_nc_sid=86f79a"",""username"":""fencer""},""x"":0.001,""y"":0.001},{""user"":{""full_name"":""Mondo Duplantis"",""id"":""190222039"",""is_verified"":true,""profile_pic_url"":""https://instagram.fpac1-2.fna.fbcdn.net/v/t51.2885-19/s150x150/92449486_632516420665578_7102145589814493184_n.jpg?_nc_ht=instagram.fpac1-2.fna.fbcdn.net&_nc_ohc=duh7lI9CAewAX9ZJV5L&edm=APU89FABAAAA&ccb=7-4&oh=4b62bf45b82df7976859db23fb684c9c&oe=610433E4&_nc_sid=86f79a"",""username"":""mondo_duplantis""},""x"":0.001,""y"":0.001},{""user"":{""full_name"":""Anders Mol"",""id"":""290070557"",""is_verified"":true,""profile_pic_url"":""https://instagram.fpac1-2.fna.fbcdn.net/v/t51.2885-19/s150x150/96103272_540746643544217_6377967932810461184_n.jpg?_nc_ht=instagram.fpac1-2.fna.fbcdn.net&_nc_ohc=YktaRfkCelgAX-s3hrm&edm=APU89FABAAAA&ccb=7-4&oh=987ae76a4bbd15e79d6ae47f880072ab&oe=6105B8AE&_nc_sid=86f79a"",""username"":""andybmol""},""x"":0.001,""y"":0.001},{""user"":{""full_name"":""Christian Sandlie S√∏rum"",""id"":""2222819064"",""is_verified"":true,""profile_pic_url"":""https://instagram.fpac1-2.fna.fbcdn.net/v/t51.2885-19/s150x150/133273721_235083101464618_5093807297722988023_n.jpg?_nc_ht=instagram.fpac1-2.fna.fbcdn.net&_nc_ohc=HTTtmVy8P5gAX8n3I13&edm=APU89FABAAAA&ccb=7-4&oh=8619e932353097d9377dbe6581409206&oe=61045537&_nc_sid=86f79a"",""username"":""christiansorum""},""x"":0.001,""y"":0.001},{""user"":{""full_name"":""Santiago Lange"",""id"":""2226476313"",""is_verified"":true,""profile_pic_url"":""https://instagram.fpac1-2.fna.fbcdn.net/v/t51.2885-19/s150x150/70501553_770267696760825_7107164095891111936_n.jpg?_nc_ht=instagram.fpac1-2.fna.fbcdn.net&_nc_ohc=St9RUZ8bpdAAX9ArBli&edm=APU89FABAAAA&ccb=7-4&oh=1ce032defa9c1ae1551facc65ada9661&oe=6105BCE7&_nc_sid=86f79a"",""username"":""santilange""},""x"":0.001,""y"":0.001},{""user"":{""full_name"":""ùïπ"",""id"":""218369715"",""is_verified"":true,""profile_pic_url"":""https://instagram.fpac1-2.fna.fbcdn.net/v/t51.2885-19/s150x150/102875332_261180025190842_851338121457796082_n.jpg?_nc_ht=instagram.fpac1-2.fna.fbcdn.net&_nc_ohc=4XHfdo1fEWkAX8wkh2A&edm=APU89FABAAAA&ccb=7-4&oh=02865eca250434f6e3154027b929578e&oe=610472B7&_nc_sid=86f79a"",""username"":""niamhemerson""},""x"":0.001,""y"":0.001},{""user"":{""full_name"":""Ceci Carranza Saroli"",""id"":""1194525666"",""is_verified"":true,""profile_pic_url"":""https://instagram.fpac1-2.fna.fbcdn.net/v/t51.2885-19/s150x150/198261206_4079637672089373_604036964984487853_n.jpg?_nc_ht=instagram.fpac1-2.fna.fbcdn.net&_nc_ohc=S6qdHIPNFawAX9DC8pa&edm=APU89FABAAAA&ccb=7-4&oh=0745e983a7746945d1f739c7cf7930a3&oe=61059DE2&_nc_sid=86f79a"",""username"":""cecicarranzasaroli""},""x"":0.001,""y"":0.001}]",,,,
"2609522138295698712","CQ24o8WogUY","GraphVideo",true,"https://instagram.fpac1-1.fna.fbcdn.net/v/t50.2886-16/10000000_240871660887455_1140778949726986491_n.mp4?_nc_ht=instagram.fpac1-1.fna.fbcdn.net&_nc_cat=111&_nc_ohc=4xI8XjSF8EoAX_IOTWL&edm=APU89FABAAAA&ccb=7-4&oe=61004C0D&oh=6b1301dd2f5abbcc09b6ba3a7925015f&_nc_sid=86f79a",1350,1080,"https://instagram.fpac1-1.fna.fbcdn.net/v/t51.2885-15/fr/e15/p1080x1080/209986929_521495652230003_2985353980119850368_n.jpg?_nc_ht=instagram.fpac1-1.fna.fbcdn.net&_nc_cat=111&_nc_ohc=C2VYJ6zoEwAAX_nOLC2&edm=APU89FABAAAA&ccb=7-4&oh=dbdc8eba5725b56c67a0ab177ae906bc&oe=60FFEABE&_nc_sid=86f79a","https://instagram.fpac1-1.fna.fbcdn.net/v/t51.2885-15/sh0.08/e35/c0.135.1080.1080a/s640x640/209986929_521495652230003_2985353980119850368_n.jpg?_nc_ht=instagram.fpac1-1.fna.fbcdn.net&_nc_cat=111&_nc_ohc=C2VYJ6zoEwAAX_nOLC2&edm=APU89FABAAAA&ccb=7-4&oh=395b465fb667019f992acbaa45e0219b&oe=60FFEE09&_nc_sid=86f79a","476322","redbull","the @finniles content we *all* needed ahead of the UCI MTB World Cup this weekend üòé

keep an eye on the action in Les Gets this weekend on Red Bull TV via ~link in bio~ üì∫

#redbull #givesyouwiiings #dh #mtb #bikelife",141,35702,529182,false,1625299339,,"[""#redbull"",""#givesyouwiiings"",""#dh"",""#mtb"",""#bikelife""]","[""@finniles""]","[{""user"":{""full_name"":""Finn Iles - MTB"",""id"":""180408998"",""is_verified"":true,""profile_pic_url"":""https://instagram.fpac1-2.fna.fbcdn.net/v/t51.2885-19/s150x150/200885288_155158976604937_8665015526350636975_n.jpg?_nc_ht=instagram.fpac1-2.fna.fbcdn.net&_nc_ohc=KSdAQXihf38AX9VnGGT&edm=APU89FABAAAA&ccb=7-4&oh=f2dbaa97f9a4246b05512c23df05a9da&oe=61048B0A&_nc_sid=86f79a"",""username"":""finniles""},""x"":0.001,""y"":0.001}]",,,,
"2608922376664136370","CQ0wRQzojqy","GraphVideo",true,"https://instagram.fpac1-1.fna.fbcdn.net/v/t50.2886-16/210835045_190739289653062_3450491715241094362_n.mp4?_nc_ht=instagram.fpac1-1.fna.fbcdn.net&_nc_cat=110&_nc_ohc=997jn4b9WssAX-mnzcU&edm=APU89FABAAAA&ccb=7-4&oe=61004294&oh=a4157d2bed7ce6fda1ed14a3d700b8c4&_nc_sid=86f79a",1350,1080,"https://instagram.fpac1-1.fna.fbcdn.net/v/t51.2885-15/fr/e15/p1080x1080/210567985_301302441786010_8644947776325062510_n.jpg?_nc_ht=instagram.fpac1-1.fna.fbcdn.net&_nc_cat=110&_nc_ohc=1uQFRB23Y0cAX8aCHfp&edm=APU89FABAAAA&ccb=7-4&oh=af7fa0281665ec4cf4a4b001ab63d83e&oe=610024DB&_nc_sid=86f79a","https://instagram.fpac1-1.fna.fbcdn.net/v/t51.2885-15/sh0.08/e35/c0.135.1080.1080a/s640x640/210567985_301302441786010_8644947776325062510_n.jpg?_nc_ht=instagram.fpac1-1.fna.fbcdn.net&_nc_cat=110&_nc_ohc=1uQFRB23Y0cAX8aCHfp&edm=APU89FABAAAA&ccb=7-4&oh=3aae6d97aefecfee0d6701cb3ac82d7a&oe=61002CB0&_nc_sid=86f79a","476322","redbull","pov: you're doing your thing at the Tour de Pologne and üí•powüí•, @szymongodziek backflipping üî•

#redbull #givesyouwiiings #bike #backflip #bikelife",2351,154153,1812575,false,1625227818,,"[""#redbull"",""#givesyouwiiings"",""#bike"",""#backflip"",""#bikelife""]","[""@szymongodziek""]","[{""user"":{""full_name"":""Szymon Godziek"",""id"":""179633120"",""is_verified"":true,""profile_pic_url"":""https://instagram.fpac1-2.fna.fbcdn.net/v/t51.2885-19/s150x150/173900685_3959272737471977_4002037803868945131_n.jpg?_nc_ht=instagram.fpac1-2.fna.fbcdn.net&_nc_ohc=080SNJp6qBMAX851cyY&edm=APU89FABAAAA&ccb=7-4&oh=f5be53bde14b56a2110424e24cdb996d&oe=6103D20E&_nc_sid=86f79a"",""username"":""szymongodziek""},""x"":0.001,""y"":0.001}]",,,,
"2608140051802005092","CQx-Y8AIJ5k","GraphVideo",true,"https://instagram.fpac1-1.fna.fbcdn.net/v/t50.2886-16/209842369_144488141084001_2240899611549196502_n.mp4?_nc_ht=instagram.fpac1-1.fna.fbcdn.net&_nc_cat=109&_nc_ohc=cd_7cV0iwCwAX_fDaKW&edm=APU89FABAAAA&ccb=7-4&oe=610011D7&oh=062253c7fc82717087a7fcc68d1c8cdb&_nc_sid=86f79a",1350,1080,"https://instagram.fpac1-2.fna.fbcdn.net/v/t51.2885-15/fr/e15/p1080x1080/209397489_915769818971551_8149585939870686519_n.jpg?_nc_ht=instagram.fpac1-2.fna.fbcdn.net&_nc_cat=107&_nc_ohc=T4Sjg_HN6i8AX9cJylW&edm=APU89FABAAAA&ccb=7-4&oh=a76b57a86c57195867e4d7a2ddb2ac5f&oe=6100423B&_nc_sid=86f79a","https://instagram.fpac1-2.fna.fbcdn.net/v/t51.2885-15/sh0.08/e35/c0.135.1080.1080a/s640x640/209397489_915769818971551_8149585939870686519_n.jpg?_nc_ht=instagram.fpac1-2.fna.fbcdn.net&_nc_cat=107&_nc_ohc=T4Sjg_HN6i8AX9cJylW&edm=APU89FABAAAA&ccb=7-4&oh=eab7c520dcdc406ed9ad69a0b9b947ed&oe=61000BD0&_nc_sid=86f79a","476322","redbull","behind the scenes, behind the wheel, below the wheel, whatever you wanna call it üëã

üöó: @danisordorallye 

#redbull #givesyouwiiings #wrc #rallyitaly #motorsports",385,55963,707691,false,1625134558,,"[""#redbull"",""#givesyouwiiings"",""#wrc"",""#rallyitaly"",""#motorsports""]","[""@danisordorallye""]","[{""user"":{""full_name"":""Dani Sordo"",""id"":""300593733"",""is_verified"":true,""profile_pic_url"":""https://instagram.fpac1-2.fna.fbcdn.net/v/t51.2885-19/s150x150/136947683_248717793456282_8432986895997667112_n.jpg?_nc_ht=instagram.fpac1-2.fna.fbcdn.net&_nc_ohc=9-tXCiNX_-8AX9HlwsM&edm=APU89FABAAAA&ccb=7-4&oh=cc1ffc0064f83754aad19d27ffdff6c4&oe=61059C9B&_nc_sid=86f79a"",""username"":""danisordorallye""},""x"":0.001,""y"":0.001}]","234825861",true,"Sardinia","sardinia"
"2606894672884477005","CQtjOSgIyxN","GraphImage",false,,1350,1080,"https://instagram.fpac1-1.fna.fbcdn.net/v/t51.2885-15/fr/e15/p1080x1080/209301840_220455819796460_363719158704821488_n.jpg?_nc_ht=instagram.fpac1-1.fna.fbcdn.net&_nc_cat=108&_nc_ohc=ofBFyOjlTPIAX-wcU2i&edm=APU89FABAAAA&ccb=7-4&oh=da9cb02e6c719627a2796f2966698cfa&oe=61049694&_nc_sid=86f79a","https://instagram.fpac1-1.fna.fbcdn.net/v/t51.2885-15/sh0.08/e35/c0.135.1080.1080a/s640x640/209301840_220455819796460_363719158704821488_n.jpg?_nc_ht=instagram.fpac1-1.fna.fbcdn.net&_nc_cat=108&_nc_ohc=ofBFyOjlTPIAX-wcU2i&edm=APU89FABAAAA&ccb=7-4&oh=c31a22508c0aab506ea1524911124fbe&oe=61056182&_nc_sid=86f79a","476322","redbull","zoom in under @szymongodziek üëÄ

üì∑: @garthmilan 

#redbull #givesyouwiiings #bikelife #mtb #bike",238,43514,,false,1624986083,,"[""#redbull"",""#givesyouwiiings"",""#bikelife"",""#mtb"",""#bike""]","[""@szymongodziek"",""@garthmilan""]","[{""user"":{""full_name"":""Szymon Godziek"",""id"":""179633120"",""is_verified"":true,""profile_pic_url"":""https://instagram.fpac1-2.fna.fbcdn.net/v/t51.2885-19/s150x150/173900685_3959272737471977_4002037803868945131_n.jpg?_nc_ht=instagram.fpac1-2.fna.fbcdn.net&_nc_ohc=080SNJp6qBMAX851cyY&edm=APU89FABAAAA&ccb=7-4&oh=f5be53bde14b56a2110424e24cdb996d&oe=6103D20E&_nc_sid=86f79a"",""username"":""szymongodziek""},""x"":0.2759259343,""y"":0.200000003}]","568261958",true,"Southern Utah","southern-utah"
"2606770676382976550","CQtHB5wtkom","GraphVideo",true,"https://instagram.fpac1-1.fna.fbcdn.net/v/t50.2886-16/209029127_182931883790264_7900272912713530280_n.mp4?_nc_ht=instagram.fpac1-1.fna.fbcdn.net&_nc_cat=108&_nc_ohc=9w9AdBQuAdoAX-6zk1Z&edm=APU89FABAAAA&ccb=7-4&oe=61003167&oh=d36b57808c57587e05fda27de93f68a6&_nc_sid=86f79a",1350,1080,"https://instagram.fpac1-2.fna.fbcdn.net/v/t51.2885-15/fr/e15/p1080x1080/210088755_1094449261079040_1273186023988633963_n.jpg?_nc_ht=instagram.fpac1-2.fna.fbcdn.net&_nc_cat=100&_nc_ohc=4kZSh9Xv8BQAX_Klj9d&edm=APU89FABAAAA&ccb=7-4&oh=da19cd6e1bb7498f510633503191af6c&oe=610074DE&_nc_sid=86f79a","https://instagram.fpac1-2.fna.fbcdn.net/v/t51.2885-15/sh0.08/e35/c0.135.1080.1080a/s640x640/210088755_1094449261079040_1273186023988633963_n.jpg?_nc_ht=instagram.fpac1-2.fna.fbcdn.net&_nc_cat=100&_nc_ohc=4kZSh9Xv8BQAX_Klj9d&edm=APU89FABAAAA&ccb=7-4&oh=b066a12683b31a4652c273b7b7f3e75b&oe=610064CF&_nc_sid=86f79a","476322","redbull","a piece of advice from our Red Bull Creepers bosses: climb your way to the top and üëèdon‚Äôtüëèeverüëèlooküëèbacküëè

head over to ~link in bio~ to watch our climbers in action in this year's edition of Red Bull Creepers üì∫

#redbull #givesyouwiiings #climbing #deepwatersolo #freesolo",4198,208254,1749730,false,1624971332,,"[""#redbull"",""#givesyouwiiings"",""#climbing"",""#deepwatersolo"",""#freesolo""]","[]","[]",,,,
"2606260190208356359","CQrS9WdnHAH","GraphVideo",true,"https://instagram.fpac1-2.fna.fbcdn.net/v/t50.2886-16/209234206_501492561107821_9001822071546585544_n.mp4?_nc_ht=instagram.fpac1-2.fna.fbcdn.net&_nc_cat=101&_nc_ohc=iLllUv-7GkUAX_CSNsY&edm=APU89FABAAAA&ccb=7-4&oe=61006D6F&oh=4d1232d3d0facd0722ac94c73f725afb&_nc_sid=86f79a",1333,750,"https://instagram.fpac1-2.fna.fbcdn.net/v/t51.2885-15/e35/209035667_533764970999451_3961761577067882872_n.jpg?_nc_ht=instagram.fpac1-2.fna.fbcdn.net&_nc_cat=103&_nc_ohc=BjHPW07tJgkAX_b4e5_&edm=APU89FABAAAA&ccb=7-4&oh=8c47f41fe2b5f50d9e4909662d2fc638&oe=6100684D&_nc_sid=86f79a","https://instagram.fpac1-2.fna.fbcdn.net/v/t51.2885-15/sh0.08/e35/c0.280.720.720a/s640x640/209035667_533764970999451_3961761577067882872_n.jpg?_nc_ht=instagram.fpac1-2.fna.fbcdn.net&_nc_cat=103&_nc_ohc=BjHPW07tJgkAX_b4e5_&edm=APU89FABAAAA&ccb=7-4&oh=a08904347f04177490f7be88c27ef173&oe=60FFE8C4&_nc_sid=86f79a","476322","redbull","your daily dose of *hilarious* content from our favorite @redbullracing and @alphataurif1 boys üí™

head over to ~link in bio~ to watch the *iconic* events at Formula Schnitzeljagd üì∫ 

@yukitsunoda0511 @maxverstappen1 @schecoperez @pierregasly #redbull #givesyouwiiings #f1 #funny",114,20209,204821,false,1624910469,,"[""#redbull"",""#givesyouwiiings"",""#f1"",""#funny""]","[""@redbullracing"",""@alphataurif1"",""@yukitsunoda0511"",""@maxverstappen1"",""@schecoperez"",""@pierregasly""]","[]",,,,
"2606094724974684147","CQqtVg9Iqfz","GraphSidecar",false,,1350,1080,"https://instagram.fpac1-1.fna.fbcdn.net/v/t51.2885-15/fr/e15/p1080x1080/208793833_520294362506734_8500410064608575585_n.jpg?_nc_ht=instagram.fpac1-1.fna.fbcdn.net&_nc_cat=110&_nc_ohc=Anxk66JKnCAAX9H7zUu&edm=APU89FABAAAA&ccb=7-4&oh=190d335d4b7ebf496ad548006dd90603&oe=61001775&_nc_sid=86f79a","https://instagram.fpac1-1.fna.fbcdn.net/v/t51.2885-15/sh0.08/e35/c0.135.1080.1080a/s640x640/208793833_520294362506734_8500410064608575585_n.jpg?_nc_ht=instagram.fpac1-1.fna.fbcdn.net&_nc_cat=110&_nc_ohc=Anxk66JKnCAAX9H7zUu&edm=APU89FABAAAA&ccb=7-4&oh=e8eee8dc5a9c2553d31a2e3a6be62245&oe=61001602&_nc_sid=86f79a","476322","redbull","practicing in your backyard ü§ù shredding it on the water

watch @adeuricorniell's Backyards at ~link in bio~ and get a glimpse into the life of the kitesurfing wonderkid üèÑ‚Äç‚ôÇÔ∏è 

#redbull #givesyouwiiings #kitesurfing #watersports #ocean #training",179,32761,,false,1624890722,,"[""#redbull"",""#givesyouwiiings"",""#kitesurfing"",""#watersports"",""#ocean"",""#training""]","[""@adeuricorniell""]","[{""user"":{""full_name"":""Deury Corniel Javier"",""id"":""1291115567"",""is_verified"":false,""profile_pic_url"":""https://instagram.fpac1-2.fna.fbcdn.net/v/t51.2885-19/s150x150/160030087_1742684005904501_3989595063907890888_n.jpg?_nc_ht=instagram.fpac1-2.fna.fbcdn.net&_nc_ohc=OSzLjv1wrMgAX8fwd60&edm=APU89FABAAAA&ccb=7-4&oh=8c172ffc2437190b2ece883f5e483eb9&oe=61059735&_nc_sid=86f79a"",""username"":""adeuricorniell""},""x"":0.001,""y"":0.001}]","249859506",true,"Dominican Republic","dominican-republic"
"2605398825776487588","CQoPG2UoJyk","GraphSidecar",false,,1350,1080,"https://instagram.fpac1-1.fna.fbcdn.net/v/t51.2885-15/fr/e15/p1080x1080/208040349_318652749959277_3739528885608932458_n.jpg?_nc_ht=instagram.fpac1-1.fna.fbcdn.net&_nc_cat=109&_nc_ohc=5AIuLZBHAvMAX8C6DR5&edm=APU89FABAAAA&ccb=7-4&oh=6af35ebbbbfe4bb8335245b9d07e830d&oe=610495B9&_nc_sid=86f79a","https://instagram.fpac1-1.fna.fbcdn.net/v/t51.2885-15/sh0.08/e35/c0.135.1080.1080a/s640x640/208040349_318652749959277_3739528885608932458_n.jpg?_nc_ht=instagram.fpac1-1.fna.fbcdn.net&_nc_cat=109&_nc_ohc=5AIuLZBHAvMAX8C6DR5&edm=APU89FABAAAA&ccb=7-4&oh=803f6cdbe863286139ae7484ebb5ab09&oe=61051E8E&_nc_sid=86f79a","476322","redbull","repeat after us: SUPER MAX SUPER MAX üí™

*HUGE* shoutout to @maxverstappen1 for bagging himself his fourth win of the season at the #StyrianGP today üî• he really do be out there every weekend changing the game ü§Ø

#redbull #givesyouwiiings #f1 #win #redbullring #austria",324,69058,,false,1624807764,,"[""#StyrianGP"",""#redbull"",""#givesyouwiiings"",""#f1"",""#win"",""#redbullring"",""#austria""]","[""@maxverstappen1""]","[{""user"":{""full_name"":""Max Verstappen"",""id"":""43904777"",""is_verified"":true,""profile_pic_url"":""https://instagram.fpac1-2.fna.fbcdn.net/v/t51.2885-19/s150x150/164462322_3758406717576013_4205702374351045558_n.jpg?_nc_ht=instagram.fpac1-2.fna.fbcdn.net&_nc_ohc=pSLuH9VzoPoAX9przhJ&edm=APU89FABAAAA&ccb=7-4&oh=1fa12d9358691a2a9dfbd2838ba2224f&oe=6104D024&_nc_sid=86f79a"",""username"":""maxverstappen1""},""x"":0.5759259462,""y"":0.8444444537}]","3040359",true,"Red Bull Ring","red-bull-ring"
"2605173479605871189","CQnb3oWLSJV","GraphSidecar",false,,1350,1080,"https://instagram.fpac1-1.fna.fbcdn.net/v/t51.2885-15/fr/e15/p1080x1080/208482347_128739109373429_2809859545835365218_n.jpg?_nc_ht=instagram.fpac1-1.fna.fbcdn.net&_nc_cat=105&_nc_ohc=aYd6zDAV7tgAX-u5ESv&edm=APU89FABAAAA&ccb=7-4&oh=224b8396ac3c7f663a9ee3a3ed872e67&oe=60FFF72F&_nc_sid=86f79a","https://instagram.fpac1-1.fna.fbcdn.net/v/t51.2885-15/sh0.08/e35/c0.135.1080.1080a/s640x640/208482347_128739109373429_2809859545835365218_n.jpg?_nc_ht=instagram.fpac1-1.fna.fbcdn.net&_nc_cat=105&_nc_ohc=aYd6zDAV7tgAX-u5ESv&edm=APU89FABAAAA&ccb=7-4&oh=8426db01087bc54867b6010e900cb19a&oe=6100461C&_nc_sid=86f79a","476322","redbull","choose your commute around the Red Bull Ring üëáüî•

üöê create track chaos in a caravan with @maxverstappen1 
üõª go *big* with some Pinzgauer trucks 
‚úàÔ∏è follow in @costadario's footsteps and fly above it 
üöó stick to tradition with @marcmarquez93 in an F1 car 

don't miss the opportunity to see some of our fav F1 drivers take on an *epic* off-road challenge in Austria via ~link in bio~ üì∫

#redbull #givesyouwiiings #redbullring #f1 #motorsports #plane",670,107924,,false,1624780901,,"[""#redbull"",""#givesyouwiiings"",""#redbullring"",""#f1"",""#motorsports"",""#plane""]","[""@maxverstappen1"",""@costadario"",""@marcmarquez93""]","[{""user"":{""full_name"":""Marc MaÃÅrquez"",""id"":""1045324604"",""is_verified"":true,""profile_pic_url"":""https://instagram.fpac1-2.fna.fbcdn.net/v/t51.2885-19/s150x150/175976647_451430555957970_8030338965472824909_n.jpg?_nc_ht=instagram.fpac1-2.fna.fbcdn.net&_nc_ohc=6g9LO9k2s-kAX_oPvTn&edm=APU89FABAAAA&ccb=7-4&oh=0946d3554ad6598869c719e3589dee9d&oe=61044FFC&_nc_sid=86f79a"",""username"":""marcmarquez93""},""x"":0.001,""y"":0.001},{""user"":{""full_name"":""Max Verstappen"",""id"":""43904777"",""is_verified"":true,""profile_pic_url"":""https://instagram.fpac1-2.fna.fbcdn.net/v/t51.2885-19/s150x150/164462322_3758406717576013_4205702374351045558_n.jpg?_nc_ht=instagram.fpac1-2.fna.fbcdn.net&_nc_ohc=pSLuH9VzoPoAX9przhJ&edm=APU89FABAAAA&ccb=7-4&oh=1fa12d9358691a2a9dfbd2838ba2224f&oe=6104D024&_nc_sid=86f79a"",""username"":""maxverstappen1""},""x"":0.001,""y"":0.001},{""user"":{""full_name"":""Dario Costa"",""id"":""473280865"",""is_verified"":true,""profile_pic_url"":""https://instagram.fpac1-2.fna.fbcdn.net/v/t51.2885-19/s150x150/181531812_479943133424287_730515709271002000_n.jpg?_nc_ht=instagram.fpac1-2.fna.fbcdn.net&_nc_ohc=yFrIjEx-IbEAX94avnb&edm=APU89FABAAAA&ccb=7-4&oh=dc5f56e4ecde6eadb0a88e1cb095dad1&oe=6104DD0F&_nc_sid=86f79a"",""username"":""costadario""},""x"":0.001,""y"":0.001}]","3040359",true,"Red Bull Ring","red-bull-ring"
"2604075835306414119","CQjiSzbnhAn","GraphVideo",true,"https://instagram.fpac1-2.fna.fbcdn.net/v/t50.2886-16/206824295_557365338624211_8525419532875871452_n.mp4?_nc_ht=instagram.fpac1-2.fna.fbcdn.net&_nc_cat=107&_nc_ohc=pcwYQGErZn0AX9BJTeX&edm=APU89FABAAAA&ccb=7-4&oe=60FFF696&oh=64d9e0629d82b48fea0e6c36176f228a&_nc_sid=86f79a",1333,750,"https://instagram.fpac1-1.fna.fbcdn.net/v/t51.2885-15/e35/207279548_4371339932900828_4547486487084779093_n.jpg?_nc_ht=instagram.fpac1-1.fna.fbcdn.net&_nc_cat=108&_nc_ohc=mkQsFZvmAx0AX8nCxgo&edm=APU89FABAAAA&ccb=7-4&oh=fee62f5073ce8502e79594583ec6d75a&oe=60FFF868&_nc_sid=86f79a","https://instagram.fpac1-1.fna.fbcdn.net/v/t51.2885-15/sh0.08/e35/c0.280.720.720a/s640x640/207279548_4371339932900828_4547486487084779093_n.jpg?_nc_ht=instagram.fpac1-1.fna.fbcdn.net&_nc_cat=108&_nc_ohc=mkQsFZvmAx0AX8nCxgo&edm=APU89FABAAAA&ccb=7-4&oh=1ac74ecdab1e1ce8170f4b0ea6891e87&oe=6100472D&_nc_sid=86f79a","476322","redbull","the videographer *really* said: do it for the gram üé• #redbull #givesyouwiiings #motorsports #F1 #formula1 #bts",579,71952,574735,false,1624650063,,"[""#redbull"",""#givesyouwiiings"",""#motorsports"",""#F1"",""#formula1"",""#bts""]","[]","[]",,,,
"2603874035974550746","CQi0aPKIDTa","GraphVideo",true,"https://instagram.fpac1-1.fna.fbcdn.net/v/t50.2886-16/206957480_280797717124799_2898487567157187184_n.mp4?_nc_ht=instagram.fpac1-1.fna.fbcdn.net&_nc_cat=111&_nc_ohc=_Z871iBsOOkAX_OyJkA&edm=APU89FABAAAA&ccb=7-4&oe=60FFFEFB&oh=2973629741f4ad05bd82b2ca7a91bd45&_nc_sid=86f79a",937,750,"https://instagram.fpac1-2.fna.fbcdn.net/v/t51.2885-15/e15/206846267_327072615716731_298473532646433855_n.jpg?_nc_ht=instagram.fpac1-2.fna.fbcdn.net&_nc_cat=107&_nc_ohc=piJ_rVDvHQgAX_GgNYL&edm=APU89FABAAAA&ccb=7-4&oh=379115b4aed2360777c24deb8a8638de&oe=60FFDDFC&_nc_sid=86f79a","https://instagram.fpac1-2.fna.fbcdn.net/v/t51.2885-15/e15/c0.90.720.720a/s640x640/206846267_327072615716731_298473532646433855_n.jpg?_nc_ht=instagram.fpac1-2.fna.fbcdn.net&_nc_cat=107&_nc_ohc=piJ_rVDvHQgAX_GgNYL&edm=APU89FABAAAA&ccb=7-4&oh=e2f2c16505c637c4c38c6d73cca67928&oe=6100298E&_nc_sid=86f79a","476322","redbull","if you needed a reason to stan @tom_oehler even more, üëÜthisüëÜ will do it ü§Ø

watch the master at work in the full edit of this *breathtaking* mission through the Dolomites via ~link in bio~ üì∫

#redbull #givesyouwiiings #mtb #highalpine #dolomites",1412,87416,625591,false,1624626010,,"[""#redbull"",""#givesyouwiiings"",""#mtb"",""#highalpine"",""#dolomites""]","[""@tom_oehler""]","[{""user"":{""full_name"":""Tom Oehler"",""id"":""27601288"",""is_verified"":true,""profile_pic_url"":""https://instagram.fpac1-2.fna.fbcdn.net/v/t51.2885-19/s150x150/169639718_1173644499772790_4175670612465361275_n.jpg?_nc_ht=instagram.fpac1-2.fna.fbcdn.net&_nc_ohc=YwePzb45fjEAX-C8wL0&edm=APU89FABAAAA&ccb=7-4&oh=87fd0682f3f88ff19fb44444c34b2c26&oe=610429D0&_nc_sid=86f79a"",""username"":""tom_oehler""},""x"":0.001,""y"":0.001}]","375957385",true,"Piz Bo√®","piz-boe"
"2603360367574571417","CQg_nYLnNmZ","GraphVideo",true,"https://instagram.fpac1-2.fna.fbcdn.net/v/t50.2886-16/206607522_346492503513039_7988990482895856845_n.mp4?_nc_ht=instagram.fpac1-2.fna.fbcdn.net&_nc_cat=103&_nc_ohc=OQeCM7RKCBgAX8Z6SyU&edm=APU89FABAAAA&ccb=7-4&oe=61006D5F&oh=b393cbc60842ca131465d210fc6d3e45&_nc_sid=86f79a",1333,750,"https://instagram.fpac1-2.fna.fbcdn.net/v/t51.2885-15/e35/207535009_819131499031647_1994245757362398379_n.jpg?_nc_ht=instagram.fpac1-2.fna.fbcdn.net&_nc_cat=103&_nc_ohc=MJbH53e59vgAX98W6VT&edm=APU89FABAAAA&ccb=7-4&oh=3acfc4bf856cca65deea23c03a8c0754&oe=60FFD9B7&_nc_sid=86f79a","https://instagram.fpac1-2.fna.fbcdn.net/v/t51.2885-15/sh0.08/e35/c0.280.720.720a/s640x640/207535009_819131499031647_1994245757362398379_n.jpg?_nc_ht=instagram.fpac1-2.fna.fbcdn.net&_nc_cat=103&_nc_ohc=MJbH53e59vgAX98W6VT&edm=APU89FABAAAA&ccb=7-4&oh=4832f3bbd7d3d6244aec4c322e6614da&oe=610039FA&_nc_sid=86f79a","476322","redbull","there are job goals and then there's being an @redbullxalps photographer ü§Ø

üì∑: @pilzlukas 

#redbull #givesyouwiiings #alps #photography",142,30582,275442,false,1624564786,,"[""#redbull"",""#givesyouwiiings"",""#alps"",""#photography""]","[""@redbullxalps"",""@pilzlukas""]","[{""user"":{""full_name"":""Red Bull X-Alps"",""id"":""1820640638"",""is_verified"":true,""profile_pic_url"":""https://instagram.fpac1-2.fna.fbcdn.net/v/t51.2885-19/s150x150/203622359_502986551029535_8120857667859039337_n.jpg?_nc_ht=instagram.fpac1-2.fna.fbcdn.net&_nc_ohc=CWgBw1ow99MAX9V_H02&edm=APU89FABAAAA&ccb=7-4&oh=e6d3ce315357d804c1c055164c4b1749&oe=61051DFE&_nc_sid=86f79a"",""username"":""redbullxalps""},""x"":0,""y"":0},{""user"":{""full_name"":""Lukas Pilz"",""id"":""1463585896"",""is_verified"":false,""profile_pic_url"":""https://instagram.fpac1-2.fna.fbcdn.net/v/t51.2885-19/s150x150/37879849_442491266258055_618668181900230656_n.jpg?_nc_ht=instagram.fpac1-2.fna.fbcdn.net&_nc_ohc=Znkw96WQOR8AX9kp-ch&edm=APU89FABAAAA&ccb=7-4&oh=e16caecfbd912053db8c225b6b544cd1&oe=6103CA7F&_nc_sid=86f79a"",""username"":""pilzlukas""},""x"":0,""y"":0}]",,,,
"2603063115883122198","CQf8By-Io4W","GraphVideo",true,"https://instagram.fpac1-2.fna.fbcdn.net/v/t50.2886-16/10000000_371368184319235_2697354701938575116_n.mp4?_nc_ht=instagram.fpac1-2.fna.fbcdn.net&_nc_cat=107&_nc_ohc=LEQveX8bil8AX_VUGgy&edm=APU89FABAAAA&ccb=7-4&oe=61000621&oh=0971ca27888bf39e3fbf0b70314b5b5e&_nc_sid=86f79a",1920,1080,"https://instagram.fpac1-1.fna.fbcdn.net/v/t51.2885-15/fr/e15/p1080x1080/207712986_1253689015060730_4184799275817580457_n.jpg?_nc_ht=instagram.fpac1-1.fna.fbcdn.net&_nc_cat=102&_nc_ohc=Rfrh1kgRdp8AX_Wrwx7&edm=APU89FABAAAA&ccb=7-4&oh=4639c0f394ef6127470daca427c5d831&oe=61002360&_nc_sid=86f79a","https://instagram.fpac1-1.fna.fbcdn.net/v/t51.2885-15/sh0.08/e35/c0.420.1080.1080a/s640x640/207712986_1253689015060730_4184799275817580457_n.jpg?_nc_ht=instagram.fpac1-1.fna.fbcdn.net&_nc_cat=102&_nc_ohc=Rfrh1kgRdp8AX_Wrwx7&edm=APU89FABAAAA&ccb=7-4&oh=18ae9c6d8496ac28dc4f4bd4d1aa77e1&oe=60FFD6E2&_nc_sid=86f79a","476322","redbull","the @redbullracing and @alphataurif1 showdown we *all* wanted to see, but make it off-road üòè

watch as our fav F1 friends take on an immense off-road challenge in Austria ahead of the #AustrianGP and see the full edit via ~link in bio~ üì∫

@redbullring @maxverstappen1 @schecoperez @pierregasly @yukitsunoda0511 

#redbull #givesyouwiiings #f1 #offroad #formula1 ##styriangp",402,86197,943221,false,1624529352,,"[""#AustrianGP"",""#redbull"",""#givesyouwiiings"",""#f1"",""#offroad"",""#formula1"",""#styriangp""]","[""@redbullracing"",""@alphataurif1"",""@redbullring"",""@maxverstappen1"",""@schecoperez"",""@pierregasly"",""@yukitsunoda0511""]","[]",,,,
"2602366673858634356","CQddrOyqKJ0","GraphVideo",true,"https://instagram.fpac1-2.fna.fbcdn.net/v/t50.2886-16/205009935_340151520854821_3511215170169284910_n.mp4?_nc_ht=instagram.fpac1-2.fna.fbcdn.net&_nc_cat=101&_nc_ohc=dQAeccuVKuIAX94XvtO&edm=APU89FABAAAA&ccb=7-4&oe=60FFFA5E&oh=63d0858c85eeea0320a72183eefef111&_nc_sid=86f79a",1333,750,"https://instagram.fpac1-2.fna.fbcdn.net/v/t51.2885-15/e35/206156890_253051906589907_7363167840775348496_n.jpg?_nc_ht=instagram.fpac1-2.fna.fbcdn.net&_nc_cat=103&_nc_ohc=jackvASt-pkAX_H8cxH&edm=APU89FABAAAA&ccb=7-4&oh=fd583f06f194dc15a99874b313aab6fa&oe=6100521F&_nc_sid=86f79a","https://instagram.fpac1-2.fna.fbcdn.net/v/t51.2885-15/sh0.08/e35/c0.280.720.720a/s640x640/206156890_253051906589907_7363167840775348496_n.jpg?_nc_ht=instagram.fpac1-2.fna.fbcdn.net&_nc_cat=103&_nc_ohc=jackvASt-pkAX_H8cxH&edm=APU89FABAAAA&ccb=7-4&oh=4ba90bd9eab93615c69be3ea70a59884&oe=61005912&_nc_sid=86f79a","476322","redbull","so ‚ú®in sync‚ú®

read all about @mariepoppinsdancer, @lilyfdc, and @dancerdassy‚Äôs  @femmefatale_official_ project in their article over on @redbulletin via ~link in bio~ üìñ

#redbull #givesyouwiiings #dance #popping",651,32216,366234,false,1624446510,,"[""#redbull"",""#givesyouwiiings"",""#dance"",""#popping""]","[""@mariepoppinsdancer"",""@lilyfdc"",""@dancerdassy"",""@femmefatale_official_"",""@redbulletin""]","[]",,,,
"2601963643773848806","CQcCCXxnwzm","GraphVideo",true,"https://instagram.fpac1-2.fna.fbcdn.net/v/t50.2886-16/204833118_538074017513916_8240226477911643909_n.mp4?_nc_ht=instagram.fpac1-2.fna.fbcdn.net&_nc_cat=100&_nc_ohc=EuLFnDkvPPUAX9W5-U8&edm=APU89FABAAAA&ccb=7-4&oe=610007D4&oh=e0f7d57080f7933a02f8871c5dbe5abe&_nc_sid=86f79a",1333,750,"https://instagram.fpac1-2.fna.fbcdn.net/v/t51.2885-15/e35/204687028_930776714153599_9013045015887414531_n.jpg?_nc_ht=instagram.fpac1-2.fna.fbcdn.net&_nc_cat=107&_nc_ohc=bGNV3jMa_X0AX-gReyp&edm=APU89FABAAAA&ccb=7-4&oh=26106703d84b08f7f2b338eb4d367a3a&oe=60FFDCA0&_nc_sid=86f79a","https://instagram.fpac1-2.fna.fbcdn.net/v/t51.2885-15/sh0.08/e35/c0.280.720.720a/s640x640/204687028_930776714153599_9013045015887414531_n.jpg?_nc_ht=instagram.fpac1-2.fna.fbcdn.net&_nc_cat=107&_nc_ohc=bGNV3jMa_X0AX-gReyp&edm=APU89FABAAAA&ccb=7-4&oh=e65c91e7285f14d790b4c7cf4bcf2527&oe=60FFEED1&_nc_sid=86f79a","476322","redbull","minimum requirements for Red Bull Creepers: strength for days and pure ‚ú®vibes‚ú® 

#redbull #givesyouwiiings #redbullcreepers #climbing",318,50579,368787,false,1624398278,,"[""#redbull"",""#givesyouwiiings"",""#redbullcreepers"",""#climbing""]","[]","[]",,,,
"2601600044291853580","CQavXTXqA0M","GraphVideo",true,"https://instagram.fpac1-1.fna.fbcdn.net/v/t50.2886-16/10000000_387811112674019_7961880757335953748_n.mp4?_nc_ht=instagram.fpac1-1.fna.fbcdn.net&_nc_cat=111&_nc_ohc=9Ydv2KJHMHoAX9NVWQc&edm=APU89FABAAAA&ccb=7-4&oe=610033B0&oh=1fe5509c1e35ec5b749ced5baff0df40&_nc_sid=86f79a",750,750,"https://instagram.fpac1-1.fna.fbcdn.net/v/t51.2885-15/e35/204524196_1192226027895358_7454529164484928937_n.jpg?_nc_ht=instagram.fpac1-1.fna.fbcdn.net&_nc_cat=110&_nc_ohc=eW1xewdOkEwAX-JijyQ&edm=APU89FABAAAA&ccb=7-4&oh=7faba48bd702e6b2570d86b7ab0d045b&oe=61006A87&_nc_sid=86f79a","https://instagram.fpac1-1.fna.fbcdn.net/v/t51.2885-15/sh0.08/e35/s640x640/204524196_1192226027895358_7454529164484928937_n.jpg?_nc_ht=instagram.fpac1-1.fna.fbcdn.net&_nc_cat=110&_nc_ohc=eW1xewdOkEwAX-JijyQ&edm=APU89FABAAAA&ccb=7-4&oh=dd46c7578428143cf3cdce5a4f374b5f&oe=610018A0&_nc_sid=86f79a","476322","redbull","winning 4 @crankworx Slopestyle contests in a row? @johanssoemil completed it ‚úÖ 

watch the full replay from @crankworx Innsbruck On Red Bull TV via ~link in bio~ üì∫

#redbull #givesyouwiiings #bikelife #mtb #crankworx #slopestyle",563,68186,540841,false,1624355142,,"[""#redbull"",""#givesyouwiiings"",""#bikelife"",""#mtb"",""#crankworx"",""#slopestyle""]","[""@crankworx"",""@johanssoemil"",""@crankworx""]","[{""user"":{""full_name"":""ùô¥ùôºùô∏ùôª ùôπùôæùô∑ùô∞ùôΩùöÇùöÇùôæùôΩ"",""id"":""42613480"",""is_verified"":true,""profile_pic_url"":""https://instagram.fpac1-2.fna.fbcdn.net/v/t51.2885-19/s150x150/188663271_823164941910356_329345531832009558_n.jpg?_nc_ht=instagram.fpac1-2.fna.fbcdn.net&_nc_ohc=Pn5EiuO-fPMAX_W39Po&edm=APU89FABAAAA&ccb=7-4&oh=e4c3d26140d591da163d16b8faaa619d&oe=61045CF9&_nc_sid=86f79a"",""username"":""johanssoemil""},""x"":0,""y"":0}]","214578719",true,"Innsbruck, Austria","innsbruck-austria"
"2601005373002052675","CQYoJskq3RD","GraphVideo",true,"https://instagram.fpac1-1.fna.fbcdn.net/v/t50.2886-16/204718583_848119029124076_3393107770749335763_n.mp4?_nc_ht=instagram.fpac1-1.fna.fbcdn.net&_nc_cat=108&_nc_ohc=Y94Uyc7CGKAAX_Dq0G7&edm=APU89FABAAAA&ccb=7-4&oe=610036A0&oh=141d922995b7aeac11659aab0792123c&_nc_sid=86f79a",1333,750,"https://instagram.fpac1-2.fna.fbcdn.net/v/t51.2885-15/e35/204576438_503270221007977_2572349243231553882_n.jpg?_nc_ht=instagram.fpac1-2.fna.fbcdn.net&_nc_cat=101&_nc_ohc=z2RJmaZaNd0AX9_-uJW&edm=APU89FABAAAA&ccb=7-4&oh=2bd64a1f58e5d987ab02cdc8de7240fa&oe=610044AB&_nc_sid=86f79a","https://instagram.fpac1-2.fna.fbcdn.net/v/t51.2885-15/sh0.08/e35/c0.280.720.720a/s640x640/204576438_503270221007977_2572349243231553882_n.jpg?_nc_ht=instagram.fpac1-2.fna.fbcdn.net&_nc_cat=101&_nc_ohc=z2RJmaZaNd0AX9_-uJW&edm=APU89FABAAAA&ccb=7-4&oh=a99402f79f1fe5c16e77c9150dae1bd2&oe=61007466&_nc_sid=86f79a","476322","redbull","getting ready for the next season?",158,18909,142632,false,1624284035,,"[]","[]","[]",,,,
"2600852292448027058","CQYFWFMoAGy","GraphSidecar",false,,1350,1080,"https://instagram.fpac1-1.fna.fbcdn.net/v/t51.2885-15/fr/e15/p1080x1080/203116509_1445427115825126_8060308708845054589_n.jpg?_nc_ht=instagram.fpac1-1.fna.fbcdn.net&_nc_cat=110&_nc_ohc=6ZfZat_8BfoAX_Vg8OM&edm=APU89FABAAAA&ccb=7-4&oh=5a89f3a214e33cbdf2c6c1e7ca1e23a9&oe=6104F8EC&_nc_sid=86f79a","https://instagram.fpac1-1.fna.fbcdn.net/v/t51.2885-15/sh0.08/e35/c0.135.1080.1080a/s640x640/203116509_1445427115825126_8060308708845054589_n.jpg?_nc_ht=instagram.fpac1-1.fna.fbcdn.net&_nc_cat=110&_nc_ohc=6ZfZat_8BfoAX_Vg8OM&edm=APU89FABAAAA&ccb=7-4&oh=9502f70b19eda8d101941ef43ca95966&oe=6103EAB9&_nc_sid=86f79a","476322","redbull","the undisputed *KING* of the ring has done it again üëë

@marcmarquez93 bagged his first win since his career-threatening injury over the weekend, making it his 11th straight win at the Sachsenring üôå BIG UPS üî•

#redbull #givesyouwiiings #motogp #germangp #racing",133,37383,,false,1624265775,,"[""#redbull"",""#givesyouwiiings"",""#motogp"",""#germangp"",""#racing""]","[""@marcmarquez93""]","[{""user"":{""full_name"":""MotoGP‚Ñ¢"",""id"":""303323894"",""is_verified"":true,""profile_pic_url"":""https://instagram.fpac1-2.fna.fbcdn.net/v/t51.2885-19/s150x150/60173833_675234609599097_7313586060997427200_n.jpg?_nc_ht=instagram.fpac1-2.fna.fbcdn.net&_nc_ohc=9leqlu3Q-ocAX--QG0h&edm=APU89FABAAAA&ccb=7-4&oh=96253e35f073fc0bf688fcc174335ce6&oe=6103F0C6&_nc_sid=86f79a"",""username"":""motogp""},""x"":0.3617777507,""y"":0.7244444173},{""user"":{""full_name"":""Marc MaÃÅrquez"",""id"":""1045324604"",""is_verified"":true,""profile_pic_url"":""https://instagram.fpac1-2.fna.fbcdn.net/v/t51.2885-19/s150x150/175976647_451430555957970_8030338965472824909_n.jpg?_nc_ht=instagram.fpac1-2.fna.fbcdn.net&_nc_ohc=6g9LO9k2s-kAX_oPvTn&edm=APU89FABAAAA&ccb=7-4&oh=0946d3554ad6598869c719e3589dee9d&oe=61044FFC&_nc_sid=86f79a"",""username"":""marcmarquez93""},""x"":0.5351851583,""y"":0.6074073911}]","1029359494",true,"Sachsenring","sachsenring"
"2600341124071471718","CQWRHmjHrpm","GraphSidecar",false,,1344,1080,"https://instagram.fpac1-1.fna.fbcdn.net/v/t51.2885-15/e35/p1080x1080/203556435_481678529754572_4004231439237909028_n.jpg?_nc_ht=instagram.fpac1-1.fna.fbcdn.net&_nc_cat=108&_nc_ohc=flto1GK3gFsAX_-KwIo&edm=APU89FABAAAA&ccb=7-4&oh=fe70cc9fb583a066864bff804c9fe75b&oe=6103E38F&_nc_sid=86f79a","https://instagram.fpac1-1.fna.fbcdn.net/v/t51.2885-15/sh0.08/e35/c0.176.1440.1440a/s640x640/203556435_481678529754572_4004231439237909028_n.jpg?_nc_ht=instagram.fpac1-1.fna.fbcdn.net&_nc_cat=108&_nc_ohc=flto1GK3gFsAX_-KwIo&edm=APU89FABAAAA&ccb=7-4&oh=10305ed29ce1a0fa8f92ea71dd4c0afa&oe=61054D54&_nc_sid=86f79a","476322","redbull","üö® DOUBLE PODIUM ALERT üö®

let‚Äôs hear it for @maxverstappen1 on his third win of the season at #FrenchGP üèÜ and a huge shoutout to @schecoperez for a P3 finish ü•â

#redbull #givesyouwiiings #f1 #formula1 #motorsports #redbullracing",367,62903,,false,1624204839,,"[""#FrenchGP"",""#redbull"",""#givesyouwiiings"",""#f1"",""#formula1"",""#motorsports"",""#redbullracing""]","[""@maxverstappen1"",""@schecoperez""]","[{""user"":{""full_name"":""Red Bull Racing Honda"",""id"":""145569141"",""is_verified"":true,""profile_pic_url"":""https://instagram.fpac1-2.fna.fbcdn.net/v/t51.2885-19/s150x150/134764620_3721742334584986_1831991955395748038_n.jpg?_nc_ht=instagram.fpac1-2.fna.fbcdn.net&_nc_ohc=ZzPu48NJDcAAX9fstX_&edm=APU89FABAAAA&ccb=7-4&oh=1488bdb3780823111eaf7090e2cc5b2e&oe=6104E478&_nc_sid=86f79a"",""username"":""redbullracing""},""x"":0.5857487917,""y"":0.913043499},{""user"":{""full_name"":""Max Verstappen"",""id"":""43904777"",""is_verified"":true,""profile_pic_url"":""https://instagram.fpac1-2.fna.fbcdn.net/v/t51.2885-19/s150x150/164462322_3758406717576013_4205702374351045558_n.jpg?_nc_ht=instagram.fpac1-2.fna.fbcdn.net&_nc_ohc=pSLuH9VzoPoAX9przhJ&edm=APU89FABAAAA&ccb=7-4&oh=1fa12d9358691a2a9dfbd2838ba2224f&oe=6104D024&_nc_sid=86f79a"",""username"":""maxverstappen1""},""x"":0.3248792291,""y"":0.5990338326},{""user"":{""full_name"":""Checo PeÃÅrez"",""id"":""183478688"",""is_verified"":true,""profile_pic_url"":""https://instagram.fpac1-2.fna.fbcdn.net/v/t51.2885-19/s150x150/196852581_925089678274935_6727167964260964562_n.jpg?_nc_ht=instagram.fpac1-2.fna.fbcdn.net&_nc_ohc=hspZ73GnYsoAX_6-EGE&edm=APU89FABAAAA&ccb=7-4&oh=cf1e39ca0c448d4c85978fcef97a9751&oe=6103EAA9&_nc_sid=86f79a"",""username"":""schecoperez""},""x"":0.6425120831000001,""y"":0.5495169163}]","309746879105078",true,"Circuit Paul Ricard","circuit-paul-ricard"
"2600101084137671477","CQVaij8Iks1","GraphVideo",true,"https://instagram.fpac1-1.fna.fbcdn.net/v/t50.2886-16/10000000_1467851590242413_6142836683145178118_n.mp4?_nc_ht=instagram.fpac1-1.fna.fbcdn.net&_nc_cat=105&_nc_ohc=9zNs0hDrdGgAX93Me_v&edm=APU89FABAAAA&ccb=7-4&oe=61001D53&oh=16f012811d2b274c1d5ae84803939559&_nc_sid=86f79a",1920,1080,"https://instagram.fpac1-1.fna.fbcdn.net/v/t51.2885-15/fr/e15/p1080x1080/203136756_1467820806892187_869096960921127707_n.jpg?_nc_ht=instagram.fpac1-1.fna.fbcdn.net&_nc_cat=111&_nc_ohc=wWOumifiNXUAX_Z9wd7&edm=APU89FABAAAA&ccb=7-4&oh=a9e8abefc9247c4070e8e443c09d3b6a&oe=61002442&_nc_sid=86f79a","https://instagram.fpac1-1.fna.fbcdn.net/v/t51.2885-15/sh0.08/e35/c0.420.1080.1080a/s640x640/203136756_1467820806892187_869096960921127707_n.jpg?_nc_ht=instagram.fpac1-1.fna.fbcdn.net&_nc_cat=111&_nc_ohc=wWOumifiNXUAX_Z9wd7&edm=APU89FABAAAA&ccb=7-4&oh=5cb4b79fbab37ca03bb8e23f528383cf&oe=610023B1&_nc_sid=86f79a","476322","redbull","there's *literally* nothing quite like Red Bull Soapbox's CHAOTIC energy ü§Øüî•

#redbull #givesyouwiiings #soapbox #racing #crashes #redbullsoapbox #race",1712,101070,1346052,false,1624176261,,"[""#redbull"",""#givesyouwiiings"",""#soapbox"",""#racing"",""#crashes"",""#redbullsoapbox"",""#race""]","[]","[]",,,,
"2599619924017973797","CQTtIwqHool","GraphVideo",true,"https://instagram.fpac1-2.fna.fbcdn.net/v/t50.2886-16/203507046_233030155018212_9194804183538288409_n.mp4?_nc_ht=instagram.fpac1-2.fna.fbcdn.net&_nc_cat=100&_nc_ohc=Hj1L175MczcAX9lErSX&edm=APU89FABAAAA&ccb=7-4&oe=61002205&oh=56901ce9f18078f414d7e91cefc4586a&_nc_sid=86f79a",1333,750,"https://instagram.fpac1-1.fna.fbcdn.net/v/t51.2885-15/e35/204594956_277876717439837_4101090676247054946_n.jpg?_nc_ht=instagram.fpac1-1.fna.fbcdn.net&_nc_cat=105&_nc_ohc=zN-CmrRgsvYAX_KC_vW&edm=APU89FABAAAA&ccb=7-4&oh=d16f362ab5f5d265fe713fa51dd54261&oe=6100098E&_nc_sid=86f79a","https://instagram.fpac1-1.fna.fbcdn.net/v/t51.2885-15/sh0.08/e35/c0.280.720.720a/s640x640/204594956_277876717439837_4101090676247054946_n.jpg?_nc_ht=instagram.fpac1-1.fna.fbcdn.net&_nc_cat=105&_nc_ohc=zN-CmrRgsvYAX_KC_vW&edm=APU89FABAAAA&ccb=7-4&oh=30116bb081ec2b692c3c21830de616a6&oe=61004243&_nc_sid=86f79a","476322","redbull","they say the debate is not over yet... üò≥üëÄ 

check out the full interview over on YouTube feat. @yukitsunoda0511 and @pierregasly ~link in bio~ üì∫ @alphataurif1 #redbull #givesyouwiiings #formulaone #formula1 #f1",263,35238,308043,false,1624118885,,"[""#redbull"",""#givesyouwiiings"",""#formulaone"",""#formula1"",""#f1""]","[""@yukitsunoda0511"",""@pierregasly"",""@alphataurif1""]","[]",,,,